coach_id,coach_name,coach_gender,coach_type,athlete_id
C1533246,PEDRERO Ofelia,Female,Coach,1888881
C1535775,RADHI SHENAISHIL,Male,Head Coach,1888885
C1536055,AFLAKIKHAMSEH Majid,Male,Coach,1888908
C1536059,YOUSEFY Mehrdad,Male,Coach,1888922
C1536060,MADDAH Minoo,Female,Coach,1888932
C1536328,LOFTUS Adriana,Female,Coach,1888936
C1538313,FERRARA Fernando,Male,Head Coach,1888962
C1538315,GULLA Alejandra,Female,Assistant Coach,1888965
C1538317,CAPURRO Santiago,Male,Assistant Coach,1888973
C1538745,RONCONI Mariano,Male,Head Coach,1888976
C1538748,PAULON Ezequiel,Male,Assistant Coach,1888982
C1538751,VILA Matias,Male,Assistant Coach,1888993
C1539598,KHEIRKHAH HAJIRASOULIAN Mohammadre.,Male,Coach,1888994
C1540258,DAVIS DIAZ David,Male,Coach,1888996
C1540259,MENDOZA MORA Abel,Male,Coach,1888998
C1540260,VICTORIA ESPINOSA de los Alfonso,Male,Coach,1888999
C1540522,MILANO Guillermo,Male,Head Coach,1889000
C1540638,GOMEZ CORA Santiago,Male,Head Coach,1889001
C1540639,GRAVANO Leonardo,Male,Assistant Coach,1889002
C1540840,FILIORIANU Ana Luiza,Female,Coach,1889003
C1542341,SMAILI Badr,Male,Coach,1889010
C1542904,OCEGUERA ORNELAS Pavel,Male,Coach,1889028
C1542908,VALENZUELA GOMEZ Maria,Female,Coach,1889030
C1542913,MEZA PADILLA Jose,Male,Coach,1889033
C1542973,AGUILAR ROJAS Blajaith,Female,Coach,1889035
C1542976,FURALEV Vladislav,Male,Coach,1889080
C1543567,UPTON Patrick Anthony Howard,Male,Coach,1889113
C1543570,SCHOPMAN Johanna Dorothea Maria,Female,Coach,1889116
C1543575,HALKETT Rhett Kennedy,Male,Assistant Coach,1889120
C1543576,FULTON Craig Arthur,Male,Head Coach,1889122
C1543577,FARRY Anthony James,Male,Coach,1889127
C1544157,THORPE Karen,Female,Coach,1889129
C1544158,TOMOMATSU Yumiko,Female,Coach,1889143
C1544489,CURRAN Orlaith,Female,Assistant Coach,1889144
C1545106,NASKAR Arup,Male,Coach,1889162
C1545139,CHINNASAMY Ashok Kumar,Male,Coach,1889169
C1545947,BUSNARI Alberto,Male,Coach,1889174
C1545949,COCCIARO Giuseppe,Male,Coach,1889176
C1545950,FORTUNA Marco,Male,Coach,1889177
C1545955,BERGAMELLI Monica Roberta,Female,Coach,1889178
C1546310,CHIRILCENCO Marc Michel,Male,Coach,1889187
C1546312,HAMICI Saad Eddine,Male,Coach,1889188
C1546698,HERRANZ MARTIN Miguel Angel,Male,Coach,1889191
C1546699,RAMAL MUNOZ Jesus,Male,Coach,1889254
C1546700,SEIJO GIEBELS Christian Jaime,Male,Coach,1889328
C1546701,TOLEDO AROCA Antonio,Male,Coach,1889341
C1546702,YAGUE ENRIQUE Brigida,Female,Coach,1889613
C1548427,JONES Gilmar,Male,Coach,1889617
C1548848,DIMITROVA Vesela,Female,Coach,1889619
C1548875,STOYNEVA Yasena,Female,Coach,1889621
C1548895,MARKOVA Branimira,Female,Coach,1889632
C1548902,PAMUKOVA Mariyana,Female,Coach,1889641
C1548919,IVANOVA Valentina,Female,Coach,1889652
C1549452,LEE Eui Yong,Male,Coach,1889653
C1550038,ARILL Samuel,Male,Assistant Coach,1889654
C1550039,MORALES OTERO Carlos,Male,Assistant Coach,1889655
C1550047,BATISTA Gerardo,Male,Coach,1889698
C1550196,COTUTIU Florin,Male,Coach,1889700
C1550198,JONES Daymon,Male,Coach,1889701
C1550199,KIENS Patrick,Male,Coach,1889702
C1550201,MOROSAN Corina,Female,Coach,1889703
C1550203,VOINEA Camelia,Female,Coach,1889704
C1550267,BERBECAR Marius,Male,Coach,1889705
C1552001,LIU Tsung-Ta,Male,Coach,1889706
C1555083,GEORGALLAS Irodotos,Male,Coach,1889707
C1555113,PETRIDIS Panagiotis,Male,Coach,1889708
C1555115,FLANNERY Eimear,Female,Assistant Coach,1889709
C1555131,SHIPPI Panayiotis,Male,Coach,1889710
C1555182,TRIKOMITI Chrystalleni,Female,Coach,1889717
C1556249,DEACU George,Male,Assistant Coach,1889724
C1556255,RATH Bogdan,Male,Head Coach,1889726
C1557013,ARIAS Ramon,Male,Coach,1889730
C1559048,WIBERG Johanna,Female,Assistant Coach,1889731
C1559066,FORSBERG Thomas,Male,Assistant Coach,1889732
C1559067,AXNER Tomas,Male,Head Coach,1889736
C1560169,DIOVOL Alioune,Male,Coach,1889738
C1561282,da ROCHA Cristiano,Male,Head Coach,1889745
C1561719,ALTENBURG Valentin,Male,Head Coach,1889748
C1561732,HENNING Andre,Male,Head Coach,1889758
C1561734,SCHMITZ Johannes,Male,Assistant Coach,1889760
C1561740,ARKELL Robin,Male,Coach,1889764
C1561741,GADEMAN Pasha,Male,Assistant Coach,1889773
C1562260,WEIDINGER Markus,Male,Coach,1889777
C1562563,SOLBERG Glenn,Male,Head Coach,1889781
C1562564,SVENSSON Tomas,Male,Assistant Coach,1889789
C1562566,APELGREN Michael,Male,Assistant Coach,1889794
C1562778,TANKOUCHEV Milko,Male,Coach,1890259
C1562790,YANEV Filip,Male,Coach,1890561
C1562963,WINIARSKI Michal,Male,Head Coach,1890567
C1562973,RANNER Thomas,Male,Assistant Coach,1890589
C1562974,POSMYK Dominik,Male,Assistant Coach,1890594
C1563661,SALLAH Mariama M.,Female,Coach,1890602
C1563956,TUMILTY Mark,Male,Head Coach,1890607
C1563966,TOTH Balazs,Male,Coach,1890624
C1564287,QUSAI MUNIR,Male,Assistant Coach,1890736
C1564321,CRUZ LOPEZ Jose L,Male,Assistant Coach,1890745
C1564323,COLON Nelson,Male,Coach,1890785
C1564325,CRUZ Rafael,Male,Assistant Coach,1890866
C1564413,BESHEER Gamal,Male,Coach,1890919
C1564469,MOHAMED Ahmed,Male,Coach,1890927
C1564470,ABDELMEGUID Zakaria,Male,Coach,1890928
C1564477,MOHAMED Mayar,Female,Coach,1890956
C1564481,HUSSEIN Noha,Female,Coach,1890957
C1565043,MOUNDOUNGA KOMBILA Stephane,Male,Coach,1890962
C1565143,MLADENOVA Albena,Female,Coach,1890963
C1565591,AL-ASSAF Faris,Male,Coach,1890977
C1565609,ALSADEQ Yazan,Male,Coach,1890981
C1565612,ALJALLAD Riham,Female,Coach,1890985
C1565657,KRAVCHENKO Sergiy,Male,Assistant Coach,1890994
C1565672,ROTAN Ruslan,Male,Head Coach,1891002
C1565759,SIREKANYAN Gurgen,Male,Coach,1891003
C1566325,FREHSE Gabriele,Female,Coach,1891025
C1566746,SAHIN Ali,Male,Coach,1891032
C1566749,TAZEGUL Servet,Male,Coach,1891034
C1567065,BABEL Vincent,Male,Coach,1891061
C1568152,GOKTEKIN Yilmaz,Male,Coach,1891062
C1568153,NURI Tufan,Male,Coach,1891063
C1568648,GOJKOVIC Vladimir,Male,Head Coach,1891064
C1569994,TOMAS Toni,Male,Coach,1891067
C1569995,LAURA Veljko,Male,Coach,1891068
C1569996,MESAROV Dejan,Male,Coach,1891113
C1572261,GALAMBOS Bence,Male,Coach,1891128
C1572269,MARTON Luana,Female,Coach,1891129
C1572364,SALIM Gergely,Male,Coach,1891182
C1572370,SALIM Sharif Gergely,Male,Coach,1891184
C1572373,MIKKONEN Suvi,Female,Coach,1891186
C1572650,ROUSSEAUX Emile,Male,Head Coach,1891438
C1572652,ANDRE Felix,Male,Assistant Coach,1891459
C1572654,GAUTHIER Charles,Male,Assistant Coach,1891471
C1573466,TOUPANE Jean Aime,Male,Coach,1891498
C1573467,MELAIN Catherine,Female,Assistant Coach,1891499
C1573468,GAUTIER David,Male,Assistant Coach,1891500
C1573469,HALIN Gregory,Male,Coach,1891501
C1573470,LEONARD Christophe,Male,Coach,1891502
C1573668,COLLET Vincent,Male,Coach,1891503
C1573669,DONNADIEU Pascal,Male,Assistant Coach,1891504
C1573670,ATKINSON Kenny,Male,Assistant Coach,1891506
C1573671,NELHOMME Ruddy,Male,Coach,1891507
C1573672,GOMIS Joseph,Male,Coach,1891508
C1574076,CIAMARRA Roberto,Male,Assistant Coach,1891510
C1574080,GEILER Loic,Male,Assistant Coach,1891511
C1574082,GIANI Andrea,Male,Head Coach,1891531
C1830240,WENG Shih-Hang,Male,Coach,1891606
C1835894,TSAI Heng-Cheng,Male,Coach,1891608
C1878950,SANTARELLI Daniele,Male,Head Coach,1891610
C1878952,FLISI Diego,Male,Assistant Coach,1891613
C1878956,ZOTTA Andrea,Male,Assistant Coach,1891618
C1879044,VATANSEVER Recep,Male,Assistant Coach,1891622
C1879645,DARET Jerome,Male,Head Coach,1891624
C1879871,KRUMBHOLZ Olivier,Male,Head Coach,1891628
C1879872,GARDILLOU Sebastien,Male,Assistant Coach,1891630
C1879875,LEYNAUD Amandine,Female,Assistant Coach,1891632
C1880219,GALKIN Evgeniy,Male,Coach,1891634
C1880226,ABDUSAMATOV Khusniddin,Male,Coach,1891636
C1880388,MWEMA Kevin,Male,Head Coach,1891638
C1880389,AMONDE Andrew,Male,Assistant Coach,1891640
C1880390,KISIA Louis,Male,Assistant Coach,1891644
C1880620,HRUBESCH Horst,Male,Head Coach,1891646
C1880626,CARLSON Britta,Female,Assistant Coach,1891648
C1880629,FUCHS Michael,Male,Goalkeeper Coach,1891652
C1880639,NOERENBERG Thomas,Male,Assistant Coach,1891656
C1880657,MUKHAMEDOVA Rano,Female,Coach,1891658
C1880659,VLASOVA Liliya,Female,Coach,1891660
C1887640,KHAN Pavel,Male,Coach,1891664
C1887642,RAFALOVICH Maksim,Male,Coach,1891679
C1887644,KHAN Vladimir,Male,Coach,1891681
C1887648,BAYKUZIYEV Jasur,Male,Coach,1891683
C1888131,PAKKAN Saim,Male,Assistant Coach,1891685
C1888241,NISHIIRI Toshihiro,Male,Goalkeeper Coach,1891687
C1888242,IKEDA Futoshi,Male,Head Coach,1891693
C1888246,MIYAMOTO Tomomi,Female,Assistant Coach,1891699
C1888338,MENEZES Jude,Male,Head Coach,1891700
C1888344,OZAWA Kazuyuki,Male,Assistant Coach,1891701
C1888372,ERSIMSEK Ahmetcan,Male,Assistant Coach,1891702
C1888498,ROTHMAN Neville,Male,Assistant Coach,1891703
C1891425,GELLE Noemi Katalin,Female,Coach,1891705
C1891653,NAGANUMA Atsushi,Male,Assistant Coach,1891706
C1891659,HAZUI Shota,Male,Assistant Coach,1891707
C1891667,SHIOTA Yoshinori,Male,Head Coach,1891708
C1891684,KAWAI Mayo,Female,Coach,1891709
C1891686,KASHIMA Tomoyo,Female,Coach,1891710
C1891688,NAKAJIMA Takako,Female,Coach,1891711
C1892047,KAPADZE Timur,Male,Head Coach,1891712
C1892050,CHIGODAEV Sergey,Male,Assistant Coach,1891713
C1893216,GILLE Guillaume,Male,Head Coach,1891714
C1893217,MATHE Erick,Male,Assistant Coach,1891715
C1893323,ALONSO TAPIA Rosendo,Male,Coach,1891717
C1893324,ALONSO TAPIA Gulsah,Female,Coach,1891719
C1893325,JUNG Woomin,Male,Coach,1891721
C1894657,WILLE Jonas,Male,Head Coach,1891723
C1894659,EGE Steinar,Male,Assistant Coach,1891756
C1894661,BOQUIST Martin,Male,Assistant Coach,1891760
C1894662,OLSSON Mats,Male,Assistant Coach,1891763
C1894663,HERGEIRSSON Thorir,Male,Head Coach,1891764
C1894666,LARSEN Tonje,Female,Assistant Coach,1891827
C1894756,JOERGENSEN Michael,Male,Coach,1891828
C1895149,DRASOCZKY Imre,Male,Coach,1891833
C1895269,BRUUN Michael,Male,Assistant Coach,1891844
C1895270,JOERGENSEN Lars,Male,Assistant Coach,1891846
C1895275,KRONBORG Henrik,Male,Assistant Coach,1891851
C1895276,JACOBSEN Nikolaj,Male,Head Coach,1891857
C1895279,JENSEN Jesper,Male,Head Coach,1891858
C1895408,SOYEZ Frederic,Male,Head Coach,1891860
C1895409,SALA Ramon,Male,Assistant Coach,1891890
C1895410,LOMBI Jorge,Male,Assistant Coach,1891916
C1895517,SZUCS Robert,Male,Coach,1891955
C1895520,TRENKA Janos,Male,Coach,1891956
C1896158,HARVEY Mike,Male,Coach,1891960
C1896160,MAIZEROI Torann,Male,Coach,1891963
C1896164,MILLER Nelson,Male,Coach,1891964
C1896167,STAMPER Martin,Male,Coach,1891965
C1896246,POLJAKOVA Shanna,Female,Coach,1891970
C1896251,BELENKI Valeri,Male,Coach,1891974
C1896252,CATANOIU Grigore,Male,Coach,1891976
C1896253,BRYLOK Hubert,Male,Coach,1891985
C1896258,TEMME Kay,Male,Coach,1891987
C1896262,PFEFFER Camilla,Female,Coach,1891988
C1896275,RASKINA Yuliya,Female,Coach,1891991
C1896279,CAMICIOTTI Giacomo,Male,Coach,1891992
C1896290,DUNAVSKA MINEKOVA Kameliya,Female,Coach,1892022
C1896562,PARECKI Antoni Jerzy,Male,Assistant Coach,1892023
C1896698,SNYMAN Philip,Male,Head Coach,1892024
C1896700,LUCKAN Ghafoer,Male,Assistant Coach,1892034
C1897091,GONZALEZ NUNEZ Arlen,Male,Coach,1892059
C1897234,SHARABI Yechiam,Male,Coach,1892075
C1897292,BLECHER SIDOROVA Svetlana,Female,Coach,1892076
C1897395,ABDELRAHMAN Osama,Male,Coach,1892089
C1897398,YOUSSEF Mohamed,Male,Coach,1892100
C1897518,ZAITSEVA Olesia,Female,Coach,1892105
C1897547,SARTYNSKYI Gennadii,Male,Coach,1892106
C1897548,GORBACHEVA Iryna,Female,Coach,1892108
C1897550,KAIUKOVA Iuliia,Female,Coach,1892110
C1897590,DERYUGINA Iryna,Female,Coach,1892111
C1897591,BLOKHINA Iryna,Female,Coach,1892112
C1897592,KARDASH Maryna,Female,Coach,1892114
C1897594,VASYLIEVA Marharyta,Female,Coach,1892118
C1897752,KHOLOD Maryna,Female,Coach,1892122
C1897775,RA Sanghyun,Male,Coach,1892126
C1897904,KIM Hyou Mi,Female,Coach,1892127
C1898398,ROSILLO ATENCIA Jose Antonio,Male,Coach,1892128
C1898540,LAI Yawen,Female,Assistant Coach,1892130
C1898944,HERBERT Gordie,Male,Coach,1892131
C1898950,THOMAIDIS Lisa,Female,Coach,1892133
C1898951,PARSONS Sidney,Female,Assistant Coach,1892135
C1898953,MEADOWS Clarissa,Female,Assistant Coach,1892136
C1898956,THUSS Anne,Female,Coach,1892137
C1898959,PERWAS Klaus,Male,Assistant Coach,1892139
C1898960,BRIELMEIER Bret,Male,Coach,1892146
C1898962,HERBERT Daniel,Male,Assistant Coach,1892147
C1899054,REVINGTON Paul,Male,Head Coach,1892149
C1899056,BROWNE Kwan,Male,Coach,1892155
C1899057,GLYNN Katie,Female,Assistant Coach,1892156
C1899058,HICKMAN Mark,Male,Coach,1892157
C1899060,PAUL Jody,Male,Coach,1892161
C1899061,RALPH David,Male,Head Coach,1892168
C1899062,SIEBEN Craig,Male,Coach,1892172
C1899085,GRESKOWIAK Arne,Male,Coach,1892179
C1899175,HOLGUIN Ramon,Male,Coach,1892312
C1899285,WUDTKE Erik,Male,Assistant Coach,1892313
C1899286,BEPPLER Jochen,Male,Assistant Coach,1892333
C1899289,ANDERSSON Mattias,Male,Assistant Coach,1892334
C1899294,GISLASON Alfred,Male,Head Coach,1892360
C1899296,GAUGISCH Markus,Male,Head Coach,1892364
C1899298,JANKOVIC Jasmina,Female,Assistant Coach,1892366
C1900728,HENRY Thierry,Male,Head Coach,1892419
C1900729,BATICLE Gerald,Male,Assistant Coach,1892421
C1900730,CLICHY Gael,Male,Assistant Coach,1892423
C1900731,JANOT Jeremie,Male,Goalkeeper Coach,1892424
C1901253,PEREIRA BRAVO Joao,Male,Assistant Coach,1892427
C1901258,SAMMELVUO Tuomas,Male,Head Coach,1892434
C1901261,HAWKINS Michael,Male,Assistant Coach,1892438
C1901805,ZHENG Wei,Female,Coach,1892441
C1901806,JIA Nan,Male,Coach,1892453
C1901810,PARK Myungsoo,Male,Assistant Coach,1892464
C1901818,RUPEREZ Cesar,Male,Assistant Coach,1892469
C1901832,USUI Tomohiro,Male,Coach,1892470
C1901835,KONNO Kakeru,Male,Assistant Coach,1892471
C1901836,SUZUKI Yoshikazu,Male,Assistant Coach,1892472
C1901839,ONZUKA Toru,Male,Coach,1892474
C1901846,SASSA Norio,Male,Coach,1892476
C1901849,GAINES Corey,Male,Assistant Coach,1892478
C1901850,HOVASSE Tom,Male,Coach,1892479
C1901851,KATSUHISA Geoffrey,Male,Assistant Coach,1892481
C1902695,CHOI Chatchai,Male,Coach,1892483
C1902795,SONKHAM Chanatip,Female,Coach,1892486
C1902914,RUSEK Pawel,Male,Assistant Coach,1892489
C1902918,GRBIC Nikola,Male,Head Coach,1892490
C1902919,SWACZYNA Adam,Male,Assistant Coach,1892495
C1903371,MATOSEVIC Valter,Male,Assistant Coach,1892500
C1903379,SIGURDSSON Dagur,Male,Head Coach,1892502
C1903381,SPOLJARIC Denis,Male,Assistant Coach,1892505
C1903569,DUPUIS Kevin,Male,Coach,1892506
C1903570,GEORGE Martine,Female,Coach,1892513
C1903575,POTAPENKO Valentin,Male,Coach,1892516
C1903577,HAGARD Monique,Female,Coach,1892638
C1903584,BARANOVA VOLCHETSKAYA Anna,Female,Coach,1892797
C1903585,BAYON Sara,Female,Coach,1892874
C1903590,GUILLIERE Katia,Female,Coach,1892944
C1903594,MILAN Gregory,Male,Coach,1892951
C1903707,ABDELFATTAH Aziza,Female,Coach,1893011
C1903722,MOHAMED Mai,Female,Coach,1893047
C1903754,LATIF Yasmine,Female,Coach,1893067
C1903771,FABRE Julie,Female,Coach,1893073
C1903772,OBRY Laure,Female,Coach,1893076
C1903773,ANNEQUIN Marie,Female,Coach,1893078
C1903829,ANGILLIS Pascal,Male,Assistant Coach,1893083
C1903832,KAISER Pierre-Yves,Male,Coach,1893084
C1903833,LORENT Jill,Female,Assistant Coach,1893085
C1903888,de SCHEPPER Bram,Male,Coach,1893174
C1903889,DECKX Stefan,Male,Coach,1893175
C1903900,RECKINGER Xavier,Male,Assistant Coach,1893176
C1904214,JEONG Eul Jin,Male,Coach,1893177
C1904215,KANG Bo Hyeon,Female,Coach,1893179
C1904220,LEE Dongchul,Male,Coach,1893180
C1904221,OH Hyeri,Female,Coach,1893181
C1904223,SON Hyo Bong,Male,Coach,1893184
C1904759,BEAGLEY Michael,Male,Coach,1893187
C1904761,CLAY Jenny,Female,Coach,1893188
C1904762,COLLIE Barry,Male,Coach,1893190
C1904765,HALL Paul,Male,Coach,1893192
C1904766,HANN Scott,Male,Coach,1893193
C1904767,HOWELLS Ben,Male,Coach,1893194
C1904768,INCE Brett,Male,Coach,1893195
C1904769,KENWRIGHT David,Male,Coach,1893197
C1904771,RICHARDSON Joshua,Male,Coach,1893240
C1904772,RICHARDSON Molly,Female,Coach,1893252
C1904775,TRANDABURU Ionut,Male,Coach,1893271
C1904996,JANKOVSKY Viktor,Male,Coach,1893272
C1904998,ZHEREBCHEVSKYI Anton,Male,Coach,1893274
C1904999,HYBRANT Bohuslav,Male,Coach,1893275
C1906041,FOULARD Gael,Male,Head Coach,1893402
C1906042,JAQUET Nicolas,Male,Assistant Coach,1893521
C1906448,LORANTOS Theodoros,Male,Head Coach,1893522
C1906454,DERENTY Lorene,Female,Assistant Coach,1893544
C1906462,BRUZZO Florian,Male,Head Coach,1893546
C1906468,KOBESCAK Vjekoslav,Male,Assistant Coach,1893557
C1908234,MENDEZ Marcelo,Male,Head Coach,1893571
C1908241,LOPEZ Martin,Male,Assistant Coach,1893574
C1908245,RICO GOLBA Pablo,Male,Assistant Coach,1893575
C1908299,ALVAREZ Jorge,Male,Coach,1893578
C1908401,ARROYO Gavin,Male,Assistant Coach,1893580
C1908402,UDOVICIC Dejan,Male,Head Coach,1893596
C1908403,USTASZEWSKI Matt,Male,Assistant Coach,1893598
C1908408,CAHILL Molly,Female,Assistant Coach,1893601
C1908409,KRIKORIAN Adam,Male,Head Coach,1893623
C1908410,OEDING Chris,Male,Assistant Coach,1893762
C1908549,AMADOU Soumaila,Male,Coach,1893824
C1908649,KWIEK Marcos,Male,Head Coach,1893875
C1908654,ROCHA PACHECO Wagner,Male,Assistant Coach,1893894
C1908776,YAMAMOTO Hayato,Male,Assistant Coach,1893942
C1908788,AMOR Simon Daniel Edward,Male,Head Coach,1893944
C1908796,SUZUKI Takashi,Male,Head Coach,1893991
C1908800,SAKATA Takahiro,Male,Assistant Coach,1893995
C1908801,UMEDA Koichi,Male,Assistant Coach,1894079
C1908804,KANEMATSU Yuka,Female,Assistant Coach,1894080
C1908808,SANCHEZ DURAN Wilson,Male,Assistant Coach,1894081
C1908861,ZHANG Xiaohuan,Female,Coach,1894095
C1908862,WANG Jiuli,Female,Coach,1894103
C1908863,HE Xiaochu,Female,Coach,1894114
C1908864,SHEN Yingsha,Female,Coach,1894146
C1908865,TARRES CAMPA Ana,Female,Coach,1894193
C1908866,ZHAO Dantong,Female,Coach,1894194
C1909191,BUGDAEV Kurban,Male,Coach,1894196
C1909799,ASMOLOV Natalia,Female,Coach,1894231
C1909813,MAYRIN Ida,Female,Coach,1894235
C1909827,SZUCS Krisztian,Male,Coach,1894295
C1909847,STSIAPANAVA Natalia,Female,Coach,1894298
C1909857,VAISBURG Sergei,Male,Coach,1894299
C1909866,KLEFNER BEN SHIMOL Moran,Female,Coach,1894302
C1909923,ELNAFRAWY Mohamed,Male,Assistant Coach,1894333
C1909939,BEN JABALLAH Maaouia,Male,Coach,1894356
C1910378,GUAN Jianmin,Male,Coach,1894361
C1910380,KIM Young Jin,Male,Coach,1894383
C1910382,KONG Fantao,Female,Coach,1894388
C1910489,ZUSSMAN Ayelet,Female,Coach,1894405
C1910511,SAMOFALOV Ela,Female,Coach,1894407
C1911256,ARZA Carlos Vivier,Male,Head Coach,1894411
C1912238,CATITO Nelson,Male,Assistant Coach,1894414
C1913681,CAI Bin,Male,Head Coach,1894419
C1913682,LI Yanlong,Male,Assistant Coach,1894498
C1913683,YUAN Zhi,Male,Assistant Coach,1894503
C1914566,HYTTEL Tobias,Male,Coach,1894507
C1914822,SETTA Tarik,Male,Coach,1894532
C1914903,ACHARKI Aziz,Male,Coach,1894533
C1915796,TUCAK Ivica,Male,Head Coach,1894537
C1915797,POSINKOVIC Renco,Male,Assistant Coach,1894538
C1915807,MARELJA Jure,Male,Assistant Coach,1894539
C1915986,COURTEIX David,Male,Head Coach,1894540
C1915987,IGARZA Germain,Male,Assistant Coach,1894541
C1917115,COULIBALY Abdoulaye,Male,Assistant Coach,1894543
C1917164,DIALLO Badara Alou,Male,Head Coach,1894545
C1917720,DUNPHY Marv,Male,2nd Assistant Coach,1894548
C1917721,KIRALY Karch,Male,Head Coach,1894549
C1917722,MIYASHIRO Tama,Female,Assistant Coach,1894551
C1917723,REFT Alfee,Male,Assistant Coach,1894554
C1917725,VIRTUE Erin,Female,Assistant Coach,1894556
C1917858,BROWN Gareth,Male,Coach,1894561
C1918016,FUERBRINGER Matt,Male,Assistant Coach,1894567
C1918018,SPERAW John,Male,Head Coach,1894570
C1918019,WEBER Javi,Male,Assistant Coach,1894574
C1918026,WALL Mike,Male,Assistant Coach,1894577
C1918543,TOKUMOTO Yukito,Male,Assistant Coach,1894579
C1918556,BLAIN Philippe,Male,Head Coach,1894580
C1918560,FUKATSU Takayuki,Male,Assistant Coach,1894583
C1918568,ITOH Kenji,Male,Assistant Coach,1894584
C1918571,MANABE Masayoshi,Male,Head Coach,1894588
C1918572,KAWAKITA Gen,Male,Assistant Coach,1894590
C1918766,REZA Surian,Male,Coach,1894591
C1918882,CHEN Wei,Male,Coach,1894774
C1918883,HE Hua,Female,Coach,1894946
C1918884,JIN Weiguo,Male,Coach,1894949
C1918885,LI Dezhi,Male,Coach,1894950
C1918886,LIU Jinyu,Male,Coach,1894951
C1918887,LIU Tao,Male,Coach,1894952
C1918889,LU le,Male,Coach,1894953
C1918890,SUN Ping,Female,Coach,1894958
C1918891,TENG Haibin,Male,Coach,1894959
C1918893,WANG Liming,Male,Coach,1894963
C1918894,XU Jinglei,Female,Coach,1894965
C1918895,ZHANG Haiyan,Female,Coach,1894966
C1918896,ZHENG Hao,Male,Coach,1894967
C1918907,YE Sheng,Male,Coach,1895096
C1919322,SOTOMURA Kazutoshi,Male,Coach,1895103
C1919328,SHINTAKU Yuya,Male,Coach,1895105
C1919335,TOYOSHIMA Risa,Female,Coach,1895108
C1919338,TANAKA Hikaru,Male,Coach,1895111
C1919341,SATO Hiroaki,Male,Coach,1895116
C1919343,SAITO Yoshihiro,Male,Coach,1895117
C1919511,JUN Jung Hooi,Male,Coach,1895120
C1919719,LIKHADZIYEUSKI Anatoli,Male,Coach,1895121
C1919734,ANTONYAN Sahak,Male,Coach,1895152
C1919736,BERZHETS Viachaslau,Male,Coach,1895153
C1919740,NAZARYAN Hayk,Male,Coach,1895159
C1919741,OGANESIANTC Avetis,Male,Coach,1895161
C1921141,de GIORGI Ferdinando,Male,Head Coach,1895166
C1921142,CAPONERI Massimo,Male,Assistant Coach,1895168
C1921143,GIOLITO Nicola,Male,Assistant Coach,1895170
C1921148,VELASCO Julio,Male,Head Coach,1895172
C1921149,BARBOLINI Massimo,Male,Assistant Coach,1895178
C1921150,BERNARDI Lorenzo,Male,Assistant Coach,1895180
C1922666,van DAMME Koen,Male,Coach,1895187
C1924891,DUGONJIC Ivo Martin,Male,Head Coach,1895202
C1924892,PUIG CARPANETO Gabriel,Male,Assistant Coach,1895210
C1924915,PRUNSKAS Algimantas,Male,Coach,1895213
C1925565,CAMPAGNA Alessandro,Male,Head Coach,1895214
C1925566,SILIPO Carlo,Male,Head Coach,1895215
C1925568,FARINELLI Roberta,Female,Coach,1895223
C1925590,POMILIO Amedeo,Male,Assistant Coach,1895224
C1925602,GIALLOMBARDO Patrizia,Female,Coach,1895226
C1925620,di CECCA Cosimino,Male,Assistant Coach,1895227
C1925740,JANECKOVA Katerina,Female,Coach,1895228
C1925948,LEAL COLMENAREZ Mario,Male,Coach,1895232
C1926042,MOHAMMED Aisha,Female,Coach,1895234
C1926057,GARCIA CABRERA David,Male,Coach,1895235
C1926527,DELANEY Mike,Male,Assistant Coach,1895236
C1926529,McALEESE Shea,Male,Assistant Coach,1895237
C1926530,CLARK Gregg,Male,Assistant Coach,1895238
C1926532,NICOL Greg,Male,Head Coach,1895239
C1926601,MACKINTOSH Euan,Male,Assistant Coach,1895241
C1926602,SWEENEY Cory,Male,Head Coach,1895245
C1926603,GIBBS Rodney,Male,Assistant Coach,1895246
C1926604,COCKER Edwin,Male,Assistant Coach,1895248
C1926605,CAMA Tomasi,Male,Head Coach,1895250
C1926606,ROSS Stu,Male,Assistant Coach,1895261
C1926607,MURPHY Amanda,Female,Assistant Coach,1895265
C1926612,McMASTER Travis,Male,Assistant Coach,1895280
C1927174,ANNAN Alyson Regina,Female,Head Coach,1895281
C1927222,LU Zhuan,Male,Head Coach,1895282
C1927223,PASQUALETTI Massimo,Male,Assistant Coach,1895293
C1927270,GOMEZ AGUERA Salvador Emilio,Male,Assistant Coach,1895294
C1927271,JANE GIRALT Juan,Male,Head Coach,1895297
C1927274,WU Zhiyu,Male,Assistant Coach,1895300
C1927534,QU Tao,Female,Coach,1895315
C1927535,SUN Dan,Female,Coach,1895325
C1927537,XU Yanshu,Female,Coach,1895329
C1927542,BLIZNYUK Anastasia,Female,Coach,1895346
C1927873,LARHOLM Erik Jonas,Male,Assistant Coach,1895370
C1927879,RADIC Vanja,Female,Assistant Coach,1895371
C1927880,SIGNELL Kurt Henrik,Male,Head Coach,1895373
C1927972,AGAFONTSEV Sergiy,Male,Coach,1895376
C1928060,KRCE Lucijan,Male,Coach,1895377
C1928061,MADAREVIC Vladimir,Male,Coach,1895378
C1928154,MWAPE Bruce,Male,Head Coach,1895379
C1928466,LAVARINI Stefano,Male,Head Coach,1895380
C1928467,VETTORI Nicola,Male,Assistant Coach,1895382
C1928468,PACHLINSKI Krystian,Male,Assistant Coach,1895383
C1928469,SUFA Bartosz,Male,Assistant Coach,1895386
C1928714,NTHALA Charity,Female,Assistant Coach,1895387
C1929274,KOHLOFFEL Markus,Male,Coach,1895388
C1929291,ZAREEI SHAMSABADI Manni,Male,Coach,1895389
C1929319,SABAH Asif,Male,Coach,1895392
C1929643,YUSSUPOVA Aliya,Female,Coach,1895394
C1929644,DUISENGALIYEVA Danissa,Female,Coach,1895395
C1929663,NOLANO Claudio,Male,Coach,1895396
C1929717,ALFARO RODRIGUEZ Santiago,Male,Assistant Coach,1895399
C1930009,LEE KIM Daniel,Male,Coach,1895501
C1930168,RENARD Herve,Male,Head Coach,1895507
C1930169,BONADEI Laurent,Male,Assistant Coach,1895553
C1930171,BLAHIC Eric,Male,Assistant Coach,1895555
C1930172,FOUACHE Gilles,Male,Goalkeeper Coach,1895559
C1930294,MAMAYEV Nursultan,Male,Coach,1895560
C1930295,KIM Kwangsu,Male,Coach,1895561
C1930296,BESBAYEV Olzhas,Male,Coach,1895562
C1930311,SAGYNAYEV Kanat,Male,Coach,1895563
C1930636,DOBLER Mauro,Male,Goalkeeper Coach,1895564
C1930646,ECHEVERRY Alex,Male,Assistant Coach,1895565
C1930666,PHIRI Yona,Male,Goalkeeper Coach,1895568
C1930695,GRAND'PIERRE Naomy Hope,Female,Coach,1895572
C1930765,LAMBDIN Stephen,Male,Coach,1895573
C1930922,ABARCA Megan,Female,Coach,1895575
C1931463,MWILA Florence,Female,Assistant Coach,1895577
C1931488,ELFAKHARANY Hany,Male,Assistant Coach,1895580
C1931494,SIERRA MENDEZ Jose Manuel,Male,Assistant Coach,1895581
C1931502,PASTOR GOMEZ Juan Carlos,Male,Head Coach,1895582
C1931612,VATKIN Vladimir,Male,Coach,1895583
C1931614,KURBANOV Khussanzhan,Male,Coach,1895585
C1931616,KENESSOV Sapargali,Male,Coach,1895586
C1932162,ALMAAZMI Abdalla,Male,Coach,1895589
C1932176,RODRIGUEZ VAQUERO Jose Maria,Male,Head Coach,1895590
C1932535,VELASCO ENCINAS Miguel Angel,Male,Assistant Coach,1895592
C1933104,ZOLGHADRI Farzad,Male,Coach,1895594
C1933362,GOLOVIN Vlagyimir Alekszandrovics,Male,Head Coach,1895596
C1933372,PIGNICZKI Krisztina,Female,Assistant Coach,1895597
C1933474,MASCHERANO Javier,Male,Head Coach,1895599
C1933569,MARSIGLIA Angelo,Male,Head Coach,1895600
C1933763,RODRIGUEZ Lucas,Male,Assistant Coach,1895602
C1934022,STILLITANO Leandro,Male,Assistant Coach,1895614
C1934443,AGUILAR ESTRADA Eduardo,Male,Assistant Coach,1895615
C1934447,CALDAS Maximiliano,Male,Head Coach,1895621
C1934451,GARCIA CUENCA Carlos,Male,Head Coach,1895622
C1934452,GAVILAN MORAL Diego Manuel,Male,Coach,1895623
C1934457,GUTIERREZ ZULAICA Lorena,Female,Coach,1895624
C1934462,IGLESIAS BILBAO Alejandro,Male,Assistant Coach,1895625
C1934463,JARO MOLINA Rafael,Male,Coach,1895626
C1934464,LAZARO REINA Jordi,Male,Coach,1895627
C1934466,MOVELLAN de la MAZA Borja,Male,Coach,1895630
C1934467,PALOMERO MARTIN Oscar,Male,Coach,1895631
C1934811,PEREZ Carlos,Male,Goalkeeper Coach,1895632
C1934831,CANTWELL Lynne,Female,Head Coach,1895639
C1934833,DAZEL Renfred,Male,Head Coach,1895640
C1934834,MOLOPYANE Obakeng,Male,Assistant Coach,1895646
C1934835,PARKER Naasier,Male,Head Coach,1895647
C1934837,AFRIKA Cecil,Male,Assistant Coach,1895657
C1935326,WAKAMA Rena,Female,Coach,1895659
C1935341,OLAJUWON Alon,Female,Coach,1895661
C1935667,FUENTES Andrea,Female,Coach,1895663
C1935669,TEIXEIRA Lara,Female,Coach,1895670
C1935695,RUIZ CASAS Jairo,Male,Coach,1895672
C1935699,LIM Alison,Female,Coach,1895673
C1935822,ALONSO CALVO Adria,Male,Coach,1895680
C1935823,BANGO MELCON Benjamin,Male,Coach,1895683
C1935824,BOTELLA PEREZ de LANDAZAB Isaac,Male,Coach,1895684
C1935825,CARRASCAL RUBIO Alvaro,Male,Coach,1895685
C1935826,CASIMIRO ROS Javier,Male,Coach,1895687
C1935827,GUISADO MUNOZ Lucia,Female,Coach,1895688
C1935828,MARTINEZ SANCHEZ Manuel Angel,Male,Coach,1895689
C1935829,MIR HOMAR Pedro,Male,Coach,1895693
C1935830,RUEDA BRAVO Eva,Female,Coach,1895694
C1935831,SAN JOSE CRISTOBAL Almudena,Female,Coach,1895696
C1935832,BROWN LOPEZ Dagmara,Female,Coach,1895697
C1935833,FERRANDEZ ARENAS Monica,Female,Coach,1895699
C1935834,GARCIA GARCES Maria,Female,Coach,1895700
C1935835,LINARES GARCIA Marta,Female,Coach,1895703
C1935836,MALCHAIR SELECQUE Caroline Martine,Female,Coach,1895707
C1935837,PELAZ MOTA Ana,Female,Coach,1895709
C1935838,QUEREDA FLORES Alejandra,Female,Coach,1895710
C1936384,KASSMAN Edward,Male,Coach,1895714
C1936918,PABLO Jose,Male,Assistant Coach,1895716
C1938936,FERREIRINHA Jose,Male,Coach,1895717
C1940069,CAPORN Adam,Male,Assistant Coach,1895719
C1940074,GOORJIAN Brian,Male,Coach,1895722
C1940075,CHAMBERS Cheryl,Female,Assistant Coach,1895848
C1940078,PATRICK David,Male,Coach,1895859
C1940088,NIELSEN Matt,Male,Assistant Coach,1895861
C1940089,GORISS Paul,Male,Assistant Coach,1895881
C1940092,CARROLL Ryan,Male,Coach,1895898
C1940093,BRONDELLO Sandy,Female,Coach,1895900
C1940094,SEEBHOM Shannon,Male,Coach,1895903
C1940331,PYSMENNA Oksana,Female,Coach,1895916
C1940570,CHOI Jungyeol,Male,Coach,1895936
C1940575,KIM Daeeun,Male,Coach,1895939
C1940578,KIM Jihoon,Male,Coach,1895945
C1940583,LEE Sunsung,Male,Coach,1895948
C1940584,MIN Ayoung,Female,Coach,1896017
C1940930,CSEH Sandor Viktor,Male,Assistant Coach,1896020
C1941188,MUNALA Japheth,Male,Head Coach,1896025
C1941189,BARASA James,Male,Assistant Coach,1896030
C1941198,MIHOK Attila,Male,Head Coach,1896032
C1941323,TORTOSA Hugo,Male,Coach,1896034
C1941674,TOPARI Yusuf,Male,Coach,1896045
C1941682,MITCHELL Katie,Female,Coach,1896125
C1941683,BARABACH Mikhail,Male,Coach,1896126
C1941685,WILSON Sean,Male,Coach,1896128
C1941686,BELAN Tatsiana,Female,Coach,1896131
C1941689,LI Xiaoqing,Female,Coach,1896149
C1941847,DOUMBIA Bounafou,Male,Goalkeeper Coach,1896150
C1941852,BARRETO Diego,Male,Goalkeeper Coach,1896153
C1942626,DENIA Santi,Male,Head Coach,1896178
C1942627,GORDO David,Male,Assistant Coach,1896203
C1942638,MARTINEZ Ruben,Male,Goalkeeper Coach,1896204
C1942803,ZIMMERMANN Matthieu,Male,Coach,1896206
C1942804,EHREN Raoul,Male,Head Coach,1896208
C1942806,McLEOD Shane,Male,Assistant Coach,1896212
C1942816,GAMBLUCH Leonardo,Male,Coach,1896221
C1942828,VARGA Zsolt,Male,Head Coach,1896225
C1942869,UGLESSICH Mariano,Male,Assistant Coach,1896230
C1943302,HAYES Emma,Female,Head Coach,1896349
C1943308,REDDY Denise,Female,Assistant Coach,1896383
C1943311,SEARLE Stuart,Male,Goalkeeper Coach,1896517
C1943842,JARA SAGUIER Carlos,Male,Head Coach,1896519
C1944188,COVELO Alex,Male,Assistant Coach,1896522
C1944189,MITROVIC Marko,Male,Head Coach,1896532
C1944190,PAYNE Russell,Male,Goalkeeper Coach,1896535
C1944191,SEGARES Gonzalo,Male,Assistant Coach,1896538
C1944971,MAYNE Michael,Male,Head Coach,1896541
C1944972,REED Duncan,Male,Goalkeeper Coach,1896542
C1944973,BAZELEY Darren,Male,Head Coach,1896544
C1944974,GOTHARD Paul,Male,Goalkeeper Coach,1896545
C1944977,READINGS Tony,Male,Assistant Coach,1896547
C1944979,ELLIOTT Simon,Male,Assistant Coach,1896550
C1945000,SARVER Keri,Female,Assistant Coach,1896551
C1945433,POTTER Anthony,Male,Assistant Coach,1896553
C1945439,BATCH Colin,Male,Head Coach,1896577
C1945443,STANIFORTH Dave,Male,Coach,1896578
C1945447,MURRAY Emma,Female,Assistant Coach,1896580
C1945451,PURVIS Hugh,Male,Assistant Coach,1896585
C1945457,DAVY Jeremy,Male,Coach,1896587
C1945459,POWELL Katrina,Female,Head Coach,1896588
C1945474,HAMMOND Rob,Male,Coach,1896590
C1945548,LU Xiaohui,Male,Head Coach,1896591
C1945549,ZHU Jiangtao,Male,Head Coach,1896592
C1945550,MA Chong,Male,Head Coach,1896593
C1945552,ZHU Jing,Male,Head Coach,1896597
C1946315,CARNELI Ryan,Male,Coach,1896600
C1946317,LEE Seokhun,Male,Coach,1896601
C1946582,MACCARANI Emanuela,Female,Coach,1896603
C1946583,ROVETTA Valentina,Female,Coach,1896648
C1946585,MANCINELLI Claudia,Female,Coach,1896658
C1946907,ABDULLAYEV Mammad,Male,Coach,1896659
C1947221,RADONIC Vesna,Female,Coach,1896661
C1947623,YANITSAS Andrew,Male,Assistant Coach,1896662
C1947628,DENIS Eddie,Male,Assistant Coach,1896664
C1947636,RIPPON Bec,Female,Head Coach,1896691
C1947637,WOODS Taryn,Female,Assistant Coach,1896694
C1947638,HAMILL Tim,Male,Head Coach,1896703
C1947758,SULTANOV Yesbol,Male,Coach,1896726
C1947762,HECHMI Jendoubi,Male,Coach,1896768
C1948319,MARTIN CEDRES Ambrosio Jose,Male,Head Coach,1896769
C1948320,MONTES AGUERA Cesar Jesus,Male,Assistant Coach,1896773
C1948321,PRADES PONS Jose Ignacio,Male,Assistant Coach,1896774
C1948322,RIBERA ROMANS Jordi,Male,Head Coach,1896780
C1948429,JAKOVLJEVIC Nenad,Male,Coach,1896781
C1948431,KOSTIC Oliver,Male,Assistant Coach,1896787
C1948432,MARINOVIC Marko,Male,Assistant Coach,1896792
C1948433,PESIC Svetislav,Male,Coach,1896796
C1948434,STOJAKOVIC Ognjen,Male,Coach,1896798
C1948438,SEKULIC Marko,Male,Coach,1896801
C1948749,BUTULIJA Dajana,Female,Assistant Coach,1896802
C1948750,DRLJACA Ljubica,Female,Assistant Coach,1896803
C1948752,MALJKOVIC Marina,Female,Coach,1896806
C1948764,PAGE Danielle Nicole,Female,Coach,1896807
C1948904,BEATTIE Ciaran,Male,Head Coach,1896816
C1948911,NOLAN James,Male,Assistant Coach,1896822
C1948913,PUGH Richie,Male,Head Coach,1896878
C1948914,RIDDELL Scott,Male,Assistant Coach,1896883
C1948915,ROQUES Tony,Male,Head Coach,1896899
C1948979,JANIC Bojan,Male,Assistant Coach,1896901
C1948980,JEVTIC Ivica,Male,Assistant Coach,1896902
C1948981,KOLAKOVIC Igor,Male,Head Coach,1896903
C1948983,MAJSTOROVIC Neven,Male,Assistant Coach,1896956
C1949017,BUTARBUTAR Eva,Female,Coach,1896958
C1949063,BLAGOJEVIC Jelena,Female,Assistant Coach,1896962
C1949064,GUIDETTI Giovanni,Male,Head Coach,1896963
C1949394,TUDELA PERRET Matias,Male,Head Coach,1896966
C1949402,HERNANDEZ JIMENEZ Francisco de Pau.,Male,Head Coach,1896987
C1949458,KOCH Ulla,Female,Coach,1897010
C1949459,van den HEUVEL Michel,Male,Head Coach,1897013
C1949468,MALDONADO Oscar,Male,Coach,1897019
C1949531,MATEO BATISTA Ruddy,Male,Coach,1897022
C1949864,LAACHRAOUI Mourad,Male,Coach,1897025
C1949874,MEZIANE Rachid,Male,Coach,1897036
C1950176,BARTON Emilee,Female,Assistant Coach,1897037
C1950180,STANNARD James,Male,Assistant Coach,1897078
C1950182,MANENTI John,Male,Head Coach,1897088
C1950187,WALSH Timothy,Male,Head Coach,1897090
C1950509,BYDWELL Emilie,Female,Head Coach,1897092
C1950510,TEST Zack,Male,Assistant Coach,1897107
C1950515,FORD Trey,Male,Assistant Coach,1897115
C1950520,FRIDAY Mike,Male,Head Coach,1897138
C1950521,GREENING Phil,Male,Assistant Coach,1897153
C1951636,FERREIRA Marcel,Male,Coach,1897155
C1951639,KARFUNKELSTEIN Rogerio,Male,Coach,1897157
C1952532,SPLITTER Tiago,Male,Assistant Coach,1897158
C1953168,HAMANO Yukiya,Male,Goalkeeper Coach,1897159
C1953169,HANEDA Kenji,Male,Assistant Coach,1897160
C1953170,OIWA Go,Male,Head Coach,1897168
C1953555,CUNHA Thiago,Male,Assistant Coach,1897173
C1953646,ALBINO Cristiano,Male,Coach,1897191
C1953647,BISCALCHIN Daniel,Male,Coach,1897202
C1953649,PORATH Francisco,Male,Coach,1897214
C1953652,YASHENKO Iryna,Female,Coach,1897227
C1953686,ROSA Bruna,Female,Coach,1897251
C1953687,FEREZIN Camila,Female,Coach,1897256
C1953695,NAVES Marcia,Female,Coach,1897259
C1953710,PEREIRA Alexandro,Male,Coach,1897260
C1953713,FIGUEIREDO Tatiana,Female,Coach,1897261
C1954067,FUCHS Tracey,Female,Assistant Coach,1897263
C1954068,PASSMORE David,Male,Head Coach,1897270
C1954069,TELECHEA Javi,Male,Assistant Coach,1897274
C1954409,MATHEUS Carlos,Male,Coach,1897277
C1954411,DOMINGUES Felipe,Male,Coach,1897287
C1954413,POSSENTI Fernando,Male,Coach,1897288
C1954426,ONHA MARQUES Sergio,Male,Coach,1897289
C1954481,FEW Mark,Male,Coach,1897298
C1954482,KERR Steve,Male,Coach,1897299
C1954483,LUE Tyronn,Male,Assistant Coach,1897302
C1954484,SPOELSTRA Erik,Male,Assistant Coach,1897305
C1954499,LAWSON Kara,Female,Coach,1897306
C1954500,MILLER Curt,Male,Coach,1897307
C1954501,REEVE Cheryl,Female,Coach,1897308
C1954502,TAYLOR Joni,Female,Assistant Coach,1897309
C1954503,THIBAULT Mike,Male,Assistant Coach,1897311
C1954505,WRIGHT Tanisha,Female,Coach,1897321
C1954672,KOLINISAU Ratu Osea,Male,Head Coach,1897323
C1955000,ARENHART ALVES Ismael,Male,Assistant Coach,1897330
C1955021,BRODERICK William,Male,Head Coach,1897339
C1955060,FERRER Alexander,Male,Coach,1897347
C1955820,dos SANTOS Clayton,Male,Coach,1897353
C1955822,RIBEIRO Diego,Male,Coach,1897354
C1955881,NAMAUA Tikiko,Male,Assistant Coach,1897356
C1955954,KLAMBURG ROQUE Paula,Female,Coach,1897357
C1955958,ONO Shoko,Female,Coach,1897360
C1956101,SOARES Mateus Joao Felgueiras,Male,Coach,1897362
C1956202,LUZON Guy,Male,Head Coach,1897363
C1956206,CHOEN Haim,Male,Assistant Coach,1897365
C1956383,BUTALA-KOVACIC Petra,Female,Coach,1897369
C1956384,JOVIC Dragan,Male,Coach,1897380
C1956385,SAVICEVIC Veljko,Male,Coach,1897384
C1956422,BUCHNIK Victor,Male,Goalkeeper Coach,1897453
C1956472,BILIC Darko,Male,Assistant Coach,1897455
C1956473,CIRIC Stefan,Male,Assistant Coach,1897456
C1956476,STEVANOVIC Uros,Male,Head Coach,1897459
C1956655,TAAFFE Robert,Male,Coach,1897464
C1956699,NSILU DILANDU Leroy,Male,Coach,1897466
C1956722,EFTIMOV Aleksandar,Male,Coach,1897467
C1957027,ADEL MOSTAFA,Male,Assistant Coach,1897468
C1957190,FUJIKI Mayuko,Female,Coach,1897513
C1957191,JIMENEZ NIETO Cecilia,Female,Coach,1897514
C1957192,REQUENA PERICAS Judit,Female,Coach,1897526
C1957193,VEGA HERRERO Anna,Female,Coach,1897527
C1957222,ANDREO GABAN Angel Luis,Male,Assistant Coach,1897528
C1957223,APARICIO SUNEN Antonio Francisco,Male,Assistant Coach,1897529
C1957224,IVANOV PIRALKOV Svilen,Male,Assistant Coach,1897531
C1957225,MARTIN LOZANO David,Male,Head Coach,1897536
C1957226,OCA GAIA Miguel Angel,Male,Head Coach,1897537
C1957227,VALLS NART Jordi,Male,Assistant Coach,1897538
C1957429,KERTESZNE BORKAI Anita,Female,Coach,1897573
C1957645,CAMPODONICO Marco,Male,Coach,1897578
C1957768,CASELLA Enrico,Male,Coach,1897580
C1958557,ZHOU Tianke,Female,Coach,1897581
C1958748,ALLER CARBALLO Manuel Angel,Male,Coach,1897582
C1958749,CAMPS SAN JOSE Salvador,Male,Coach,1897585
C1958751,FERNANDEZ TARGARONA Isaac,Male,Coach,1897633
C1958752,GARCIA GUADARRAMA Victor Jesus,Male,Coach,1897637
C1958754,GUIL Luis,Male,Assistant Coach,1897638
C1958756,MENDEZ Miguel,Male,Coach,1897644
C1958758,REY Luis,Male,Assistant Coach,1897651
C1958760,PRADO BRANAS Joaquin,Male,Coach,1897671
C1958761,SANCHEZ CANETE CALVO Angel Luis,Male,Assistant Coach,1897675
C1958763,SCARIOLO Sergio,Male,Coach,1897678
C1958764,URIETA GUTIERREZ Madelen,Female,Assistant Coach,1897750
C1959349,CAREY Brian,Male,Coach,1897751
C1959353,LANDI Cecile,Female,Coach,1897756
C1959368,BRECKENRIDGE Grant,Male,Coach,1897777
C1959369,SUN Sonia,Female,Coach,1897778
C1959382,GRABA Jess,Male,Coach,1897782
C1959384,GAARENSTROOM Jordan,Male,Coach,1897783
C1959395,LANDI Laurent,Male,Coach,1897809
C1959400,KLIMOUK Natalia,Female,Coach,1897817
C1959405,CAESAR Syque,Male,Coach,1897821
C1959412,MIKULAK Sam,Male,Coach,1897827
C1959432,LIUKIN Valeri,Male,Coach,1897831
C1960844,BARRIEAU Jocelyn,Female,Assistant Coach,1897833
C1960845,HANRATTY Jack,Male,Head Coach,1897836
C1960848,MONAGHAN Iain,Male,Assistant Coach,1897843
C1960860,JOYCE Jenn,Female,Assistant Coach,1897860
C1961375,KONE Thierry,Male,Coach,1897877
C1961586,VOLAVOLA Timoci,Male,Assistant Coach,1897960
C1961712,TUIFUA Tevita,Male,Head Coach,1898024
C1961720,OTUMULI Mavae,Male,Head Coach,1898049
C1961741,VAIANGINA Ekitino,Male,Head Coach,1898059
C1961751,LIUTAI Malika,Male,Head Coach,1898067
C1961912,FULI Saiasi,Male,Head Coach,1898093
C1962265,TOPPING James,Male,Head Coach,1898113
C1962452,TEMPLE-JONES Allan,Male,Head Coach,1898117
C1962481,WONG Ka Wing,Male,Coach,1898162
C1963019,MICALE Rogerio,Male,Head Coach,1898169
C1963171,LERGA Javier,Male,Assistant Coach,1898170
C1963174,SANCHEZ Carlos,Male,Goalkeeper Coach,1898173
C1963175,TOME Montse,Female,Head Coach,1898203
C1963555,BAYER Steven,Male,Coach,1898237
C1963556,WHITE Tim,Male,Assistant Coach,1898245
C1963627,LOPEZ ROMERO Victor Hugo,Male,Assistant Coach,1898250
C1963628,ORTEGA PEREZ Antonio Carlos,Male,Head Coach,1898251
C1964423,ROCHA de REZENDE Bernardo,Male,Head Coach,1898259
C1964448,RIBAS Giuliano,Male,Assistant Coach,1898262
C1964453,LAGES GUIMARAES Jose Roberto,Male,Head Coach,1898267
C1964473,DO REGO BARROS JUNIOR Paulo,Male,Assistant Coach,1898282
C1964481,LEONALDO Roberley Luiz,Male,Assistant Coach,1898283
C1964485,TABACH Ricardo,Male,Assistant Coach,1898297
C1964492,COPPINI FERNANDES Wagner Luiz,Male,Assistant Coach,1898298
C1965161,KEET Marcelle,Female,Assistant Coach,1898306
C1965168,BONNET Giles,Male,Head Coach,1898307
C1965644,GIL Carlos,Male,Coach,1898321
C1967242,LAWRENCE Natalie,Female,Assistant Coach,1898323
C1967254,HERST Jen,Female,Goalkeeper Coach,1898330
C1967256,MANDER Jasmine,Female,Assistant Coach,1898335
C1967258,PRIESTMAN Bev,Female,Head Coach,1898336
C1967262,SPENCE Andy,Male,Assistant Coach,1898339
C1967313,PARK Jae,Male,Coach,1898369
C1967315,THORNTON Daniel,Male,Coach,1898375
C1967332,LIMA Brian,Male,Head Coach,1898406
C1967468,PARADELO David,Male,Head Coach,1898472
C1967471,POSTERIVO Stefano,Male,Assistant Coach,1898475
C1967472,CAMPBELL Cora,Female,Assistant Coach,1898476
C1967642,IGLESIAS Rodrigo,Male,Assistant Coach,1898499
C1967672,ALCANTARA Edson,Male,Goalkeeper Coach,1898531
C1967683,ELIAS Arthur,Male,Head Coach,1898562
C1968210,LALOMILO Faamaoni,Male,Assistant Coach,1898577
C1968247,CIRKOVIC Vedran,Male,Assistant Coach,1898581
C1968453,CHERNETSKA Nataliya,Female,Coach,1898582
C1968484,KAMMENOU Alexia Anna,Female,Head Coach,1898638
C1968489,LEMPESIS Xenofon,Male,Assistant Coach,1898787
C1968491,PYRPYRIS Anastasios,Male,Assistant Coach,1898794
C1968492,SCHIZAS Anastasios,Male,Assistant Coach,1898800
C1968495,VLACHOS Theodoros,Male,Head Coach,1898802
C1968531,KANTZOURIS Ilias,Male,Assistant Coach,1898807
C1968540,SPANOULIS Vasilis,Male,Coach,1898808
C1968567,RAFTIS Dimitrios,Male,Coach,1898811
C1968759,JENNINGS Stephen,Male,Coach,1898813
C1968802,FJELLSTROM Jens,Male,Assistant Coach,1898814
C1968822,ANDREATTA Mel,Female,Assistant Coach,1898815
C1968838,GUSTAVSSON Tony,Male,Head Coach,1898816
C1968868,van ECK Richard,Male,Assistant Coach,1898817
C1968871,DOUDESIS Eva,Male,Head Coach,1898819
C1968964,MOGHANLOU Bijan,Male,Coach,1898822
C1969275,SICOT David Patrick,Male,Coach,1898824
C1969357,SEKTIOUI Tarik,Male,Head Coach,1898825
C1969386,HADJI Youssouf,Male,Assistant Coach,1898830
C1969466,BADAWI Ghanem,Male,Coach,1898832
C1970225,van der VEEN Jose,Female,Coach,1898835
C1970227,WEVERS Vincent,Male,Coach,1898839
C1970228,den UIJL Kevin,Male,Coach,1898841
C1970229,JACOBS Jeroen,Male,Coach,1898845
C1970235,KLEUSKENS Marcel,Male,Coach,1898849
C1970236,KNIBBELER Daniel,Male,Coach,1898850
C1970237,van MELDERT Dirk Jan,Male,Coach,1898851
C1970317,CLARIJS Ricardo,Male,Assistant Coach,1898854
C1970322,JOHANSSON Per,Male,Head Coach,1898859
C1970733,GOUTSEVA Anastasia,Female,Coach,1898870
C1970859,SOKOLOVA Natalia,Female,Coach,1898892
C1970880,OGEYINGBO Ayodeji,Male,Coach,1898904
C1970974,DERAEDT Laurent,Male,Goalkeeper Coach,1898936
C1971523,LESZNER Joe,Male,Coach,1898961
C1972037,TICHELMAN Thomas,Male,Assistant Coach,1898963
C1972052,van ASS Paul,Male,Head Coach,1898966
C1972055,DELMEE Jeroen,Male,Head Coach,1898982
C1972056,VERBOOM Eric,Male,Assistant Coach,1898984
C1972359,ALIYEVA Kamilla,Female,Coach,1898985
C1972419,VILYAYEVA Yevgeniya,Female,Coach,1898990
C1972423,VASILEVA Siyana,Female,Coach,1898993
C1972426,GULIYEV Kamil,Male,Coach,1898996
C1972427,KARIMLI Akif,Male,Coach,1898998
C1972461,JAUMA CAYUELA Esther,Female,Coach,1899002
C1972652,GIE Cheslyn,Male,Head Coach,1899004
C1972655,NTULI Siphesihle,Male,Assistant Coach,1899013
C1972933,GOMEZ Ibai,Male,Head Coach,1899015
C1972934,RAMOS SANCHEZ Antonio,Male,Coach,1899017
C1972992,AMOREBIETA Fernando,Male,Assistant Coach,1899018
C1973058,BRITEZ Cristhian,Male,Goalkeeper Coach,1899019
C1973138,BALAN Adrian,Male,Coach,1899020
C1973147,COWAN Lisa,Female,Coach,1899022
C1973162,KIKUCHI David,Male,Coach,1899023
C1973180,van HOOF Ed,Male,Coach,1899025
C1973374,FALSETTA Ross,Male,Coach,1899028
C1973377,DENG Ajou,Male,Assistant Coach,1899032
C1973378,WIGNALL Rachel,Female,Coach,1899033
C1973524,MEIJER Eric,Male,Assistant Coach,1899035
C1973525,KOSLOWSKI Felix,Male,Head Coach,1899036
C1973532,FERRER CUTINO Gil,Male,Assistant Coach,1899038
C1973576,IVEY Royal,Male,Coach,1899043
C1973651,KOUDI Mandela,Male,Coach,1899047
C1973693,CHIEJINE Ann,Female,Assistant Coach,1899048
C1974021,KULESZA Kasia,Female,Coach,1899049
C1974022,MORGAN Kerri,Female,Coach,1899050
C1974025,VOLOSHYNA Anna,Female,Coach,1899052
C1974026,YAKHNO Yelyzaveta,Female,Coach,1899089
C1974386,SAWADOGO Rasmane,Male,Coach,1899121
C1974755,BAUR Steve,Male,Assistant Coach,1899127
C1974756,BJORKGREN Nate,Male,Assistant Coach,1899173
C1974757,CLARKE Carly,Female,Coach,1899176
C1974760,FERNANDEZ Jordi,Male,Coach,1899177
C1974766,LAPENA Victor,Male,Coach,1899178
C1974769,MITCHELL Nathaniel,Male,Assistant Coach,1899179
C1974771,N'DONG Boniface,Male,Coach,1899180
C1974772,PAGE Murriel,Female,Coach,1899181
C1974773,QUINN Noelle,Female,Assistant Coach,1899185
C1975398,DENG Luol,Male,Assistant Coach,1899187
C1975920,CASTANEDA Allen Aldrin,Male,Coach,1899193
C1975923,HRYBANOV Andrii,Male,Coach,1899194
C1975934,GRIFFETH Garrett Stephen,Male,Coach,1899196
C1977071,ABAD EXPOSITO Iker Miquel,Male,Coach,1899199
C1977388,WALDRUM Randy,Male,Head Coach,1899200
C1977689,DIAWARA Kaba,Male,Head Coach,1899201
C1978161,CAPELLI Claudio,Male,Coach,1899202
C1978215,GUELZEC Laurent,Male,Coach,1899204
C1978259,KISTLER Frank,Male,Coach,1899206
C1978688,MUNOZ BENITEZ Fernando,Male,Head Coach,1899214
C1980774,KIM Myong Hwa,Female,Coach,1899225
C1980904,TRAJKOVIC Ivan Konrad,Male,Coach,1899226
C1980943,PAVLIC Aljaz,Male,Assistant Coach,1899227
C1980962,MIJATOVIC Branka,Female,Assistant Coach,1899229
C1980979,ADZIC Dragan,Male,Head Coach,1899231
C1980981,DROZHANOVA Elena,Female,Coach,1899237
C1980987,CRETU Gheorghe,Male,Head Coach,1899239
C1980990,DIVKOVIC Goran,Male,Coach,1899241
C1981325,ZVIZEJ Luka,Male,Assistant Coach,1899246
C1981356,de CECCO Matteo,Male,Assistant Coach,1899247
C1981649,RETELJ Natasa,Female,Coach,1899252
C1981689,ZORMAN Uros,Male,Head Coach,1899256
C1981697,KEDACIC Zoran,Male,Assistant Coach,1899257
C1986732,MUGANGUZI Wani,Male,Assistant Coach,1899497
C2041085,FITZGERALD David,Male,Coach,1899498
C2476695,BAM Jenna,Female,Head Coach,1899499
C3057892,FALAHATGAR ETMINANI Davoud,Male,Coach,1899500
C3430822,PETROVIC Aleksandar,Male,Coach,1899505
C3496078,GORIATCHKINE Ivan,Male,Coach,1899507
C3520243,BASILE Leonardo,Male,Coach,1899509
C3528052,VICTOR John,Male,Coach,1899514
C3538853,DONNELLY Peter,Male,Assistant Coach,1899551
C3539442,CARSON Luke,Male,Coach,1899554
C3544158,GORBACHEV Stepan,Male,Coach,1899561
C3545804,MARAJAN Sabit,Male,Coach,1899562
C3546458,DIAWARA Fousseni,Male,Assistant Coach,1899642
C3546645,CAUKAUNIVALU Setefano,Male,Assistant Coach,1899644
C3561918,GRANDES Pablo,Male,Assistant Coach,1899647
C4043244,FONG Lerissa,Female,Head Coach,1899650
C4043245,POMARE Sapani,Male,Head Coach,1899653
C4043246,FAALUPEGA Avii,Female,Head Coach,1899656
C4044836,DAVID EP CHIRILCENCO Georgeta,Female,Coach,1899659
C4119109,ELZEFTAWEY Tarek,Male,Assistant Coach,1899661
C4645809,GAARENSTROOM Jordan Jon,Male,Coach,1899666
C4646497,PROST KOSIR Primoz,Male,Assistant Coach,1899728
C4649776,TRAORE Alioune,Male,Coach,1899730
C4653058,COCCIA Kristina,Female,Coach,1899731
C4653997,KAMKASOUMPHOU Ekvara,Male,Coach,1899732
C4658462,KHAJAVI Naeima,Male,Coach,1899733
C4847471,LAWSON Franck,Male,Coach,1899736
C4968759,Mc DONALD Janelle Leigh,Female,Coach,1899737
C4968917,QUESNEL Yannick,Male,Goalkeeper Coach,1899739
C4976780,TANSKANEN Juha Petteri,Male,Coach,1899743
C5016082,CHOUBA Jaouad,Female,Coach,1899744
C9230002,HERDEIRO Alvaro Francisco,Male,Assistant Coach,1899745
C9230003,MAROJA Gabriel Augusto,Male,Assistant Coach,1899746
C9230006,ALONSO BERNARDO Jessica,Female,Assistant Coach,1899747
C9230010,LARSSON Thomas Erik Daniel,Male,Assistant Coach,1899748
C9230012,CAROU Gonzalo,Male,Assistant Coach,1899751
C9230013,CAZON Guillermo,Male,Assistant Coach,1899856
C9230017,CAAMANO Juan,Male,Assistant Coach,1899857
C9230018,TORRESCUSA Ignacio,Male,Assistant Coach,1899870
C9230020,GJERDE Joar,Male,Assistant Coach,1900397
C9390001,BONDAR Vladyslav,Male,Coach,1900424
C9430008,CICHELLO Juan Manuel,Male,Assistant Coach,1900429
C9450042,VASSILIADES Emmanuel,Male,Assistant Coach,1900430
