event_id,discipline_code,event_date,event_name,venue_id
CYCMIT001,CYC,27/07/2024,Cycling Road : Men's Individual Time Trial,Ven33
CYCMIT002,CYC,27/07/2024,Cycling Road : Men's Individual Time Trial,Ven33
CYCMIT003,CYC,27/07/2024,Cycling Road : Men's Individual Time Trial,Ven33
CYCWIT001,CYC,27/07/2024,Cycling Road : Women's Individual Time Trial,Ven33
CYCWIT002,CYC,27/07/2024,Cycling Road : Women's Individual Time Trial,Ven33
CYCWIT003,CYC,27/07/2024,Cycling Road : Women's Individual Time Trial,Ven33
DIVWS3001,DIV,27/07/2024,Diving : Women's Synchronised 3m Springboard,Ven1
DIVWS3002,DIV,27/07/2024,Diving : Women's Synchronised 3m Springboard,Ven1
DIVWS3003,DIV,27/07/2024,Diving : Women's Synchronised 3m Springboard,Ven1
FENMSI001,FEN,27/07/2024,Fencing : Men's Sabre Individual,Ven10
FENMSI002,FEN,27/07/2024,Fencing : Men's Sabre Individual,Ven10
FENMSI003,FEN,27/07/2024,Fencing : Men's Sabre Individual,Ven10
JUDM4K001,JUD,27/07/2024,Judo : Men -60 kg,Ven4
JUDM6K002,JUD,27/07/2024,Judo : Men -60 kg,Ven4
JUDMEK003,JUD,27/07/2024,Judo : Men -60 kg,Ven4
JUDM4K004,JUD,27/07/2024,Judo : Men -60 kg,Ven4
JUDWFK001,JUD,27/07/2024,Judo : Women -48 kg,Ven4
JUDWUK002,JUD,27/07/2024,Judo : Women -48 kg,Ven4
JUDW1K003,JUD,27/07/2024,Judo : Women -48 kg,Ven4
JUDWJK004,JUD,27/07/2024,Judo : Women -48 kg,Ven4
RU7M001,RU7,27/07/2024,Rugby Sevens : Men,Ven31
RU7M002,RU7,27/07/2024,Rugby Sevens : Men,Ven31
RU7M003,RU7,27/07/2024,Rugby Sevens : Men,Ven31
SHO1AR001,SHO,27/07/2024,Shooting : 10m Air Rifle Mixed Team,Ven6
SHO1AR002,SHO,27/07/2024,Shooting : 10m Air Rifle Mixed Team,Ven6
SHO1AR003,SHO,27/07/2024,Shooting : 10m Air Rifle Mixed Team,Ven6
SWMM4X001,SWM,27/07/2024,Swimming : Men's 4 x 100m Freestyle Relay,Ven23
SWMM4X002,SWM,27/07/2024,Swimming : Men's 4 x 100m Freestyle Relay,Ven23
SWMM4X003,SWM,27/07/2024,Swimming : Men's 4 x 100m Freestyle Relay,Ven23
SWMM4F001,SWM,27/07/2024,Swimming : Men's 400m Freestyle,Ven23
SWMM4F002,SWM,27/07/2024,Swimming : Men's 400m Freestyle,Ven23
SWMM4F003,SWM,27/07/2024,Swimming : Men's 400m Freestyle,Ven23
SWMW4X001,SWM,27/07/2024,Swimming : Women's 4 x 100m Freestyle Relay,Ven23
SWMW4X002,SWM,27/07/2024,Swimming : Women's 4 x 100m Freestyle Relay,Ven23
SWMW4X003,SWM,27/07/2024,Swimming : Women's 4 x 100m Freestyle Relay,Ven23
SWMW4F001,SWM,27/07/2024,Swimming : Women's 400m Freestyle,Ven23
SWMW4F002,SWM,27/07/2024,Swimming : Women's 400m Freestyle,Ven23
SWMW4F003,SWM,27/07/2024,Swimming : Women's 400m Freestyle,Ven23
ARCWT001,ARC,28/07/2024,Archery : Women's Team,Ven12
ARCWT002,ARC,28/07/2024,Archery : Women's Team,Ven12
ARCWT003,ARC,28/07/2024,Archery : Women's Team,Ven12
CNSWKS001,CNS,28/07/2024,Canoe Slalom : Women's Kayak Single,Ven34
CNSWKS002,CNS,28/07/2024,Canoe Slalom : Women's Kayak Single,Ven34
CNSWKS003,CNS,28/07/2024,Canoe Slalom : Women's Kayak Single,Ven34
CYMWC001,CYM,28/07/2024,Cycling Mountain Bike : Women's Cross-country,Ven8
CYMWC002,CYM,28/07/2024,Cycling Mountain Bike : Women's Cross-country,Ven8
CYMWC003,CYM,28/07/2024,Cycling Mountain Bike : Women's Cross-country,Ven8
FENWFI001,FEN,28/07/2024,Fencing : Women's Foil Individual,Ven10
FENWFI002,FEN,28/07/2024,Fencing : Women's Foil Individual,Ven10
FENWFI003,FEN,28/07/2024,Fencing : Women's Foil Individual,Ven10
JUDM4K005,JUD,28/07/2024,Judo : Men -66 kg,Ven4
JUDMVK006,JUD,28/07/2024,Judo : Men -66 kg,Ven4
JUDMFK007,JUD,28/07/2024,Judo : Men -66 kg,Ven4
JUDMSK008,JUD,28/07/2024,Judo : Men -66 kg,Ven4
JUDWFK005,JUD,28/07/2024,Judo : Women -52 kg,Ven4
JUDWTK006,JUD,28/07/2024,Judo : Women -52 kg,Ven4
JUDWIK007,JUD,28/07/2024,Judo : Women -52 kg,Ven4
JUDW2K008,JUD,28/07/2024,Judo : Women -52 kg,Ven4
SHO1AP001,SHO,28/07/2024,Shooting : 10m Air Pistol Men,Ven6
SHO1AP002,SHO,28/07/2024,Shooting : 10m Air Pistol Men,Ven6
SHO1AP003,SHO,28/07/2024,Shooting : 10m Air Pistol Men,Ven6
SHO1AP004,SHO,28/07/2024,Shooting : 10m Air Pistol Women,Ven6
SHO1AP005,SHO,28/07/2024,Shooting : 10m Air Pistol Women,Ven6
SHO1AP006,SHO,28/07/2024,Shooting : 10m Air Pistol Women,Ven6
SKBWS001,SKB,28/07/2024,Skateboarding : Women's Street,Ven14
SKBWS002,SKB,28/07/2024,Skateboarding : Women's Street,Ven14
SKBWS003,SKB,28/07/2024,Skateboarding : Women's Street,Ven14
SWMM1B001,SWM,28/07/2024,Swimming : Men's 100m Breaststroke,Ven23
SWMM1B002,SWM,28/07/2024,Swimming : Men's 100m Breaststroke,Ven23
SWMM1B003,SWM,28/07/2024,Swimming : Men's 100m Breaststroke,Ven23
SWMM4I001,SWM,28/07/2024,Swimming : Men's 400m Individual Medley,Ven23
SWMM4I002,SWM,28/07/2024,Swimming : Men's 400m Individual Medley,Ven23
SWMM4I003,SWM,28/07/2024,Swimming : Men's 400m Individual Medley,Ven23
SWMW1B001,SWM,28/07/2024,Swimming : Women's 100m Butterfly,Ven23
SWMW1B002,SWM,28/07/2024,Swimming : Women's 100m Butterfly,Ven23
SWMW1B003,SWM,28/07/2024,Swimming : Women's 100m Butterfly,Ven23
ARCMT001,ARC,29/07/2024,Archery : Men's Team,Ven12
ARCMT002,ARC,29/07/2024,Archery : Men's Team,Ven12
ARCMT003,ARC,29/07/2024,Archery : Men's Team,Ven12
GARMT001,GAR,29/07/2024,Artistic Gymnastics : Men's Team,Ven2
GARMT002,GAR,29/07/2024,Artistic Gymnastics : Men's Team,Ven2
GARMT003,GAR,29/07/2024,Artistic Gymnastics : Men's Team,Ven2
CNSMCS001,CNS,29/07/2024,Canoe Slalom : Men's Canoe Single,Ven34
CNSMCS002,CNS,29/07/2024,Canoe Slalom : Men's Canoe Single,Ven34
CNSMCS003,CNS,29/07/2024,Canoe Slalom : Men's Canoe Single,Ven34
CYMMC001,CYM,29/07/2024,Cycling Mountain Bike : Men's Cross-country,Ven8
CYMMC002,CYM,29/07/2024,Cycling Mountain Bike : Men's Cross-country,Ven8
CYMMC003,CYM,29/07/2024,Cycling Mountain Bike : Men's Cross-country,Ven8
DIVMS1001,DIV,29/07/2024,Diving : Men's Synchronised 10m Platform,Ven1
DIVMS1002,DIV,29/07/2024,Diving : Men's Synchronised 10m Platform,Ven1
DIVMS1003,DIV,29/07/2024,Diving : Men's Synchronised 10m Platform,Ven1
EQUEI001,EQU,29/07/2024,Equestrian : Eventing Individual,Ven5
EQUEI002,EQU,29/07/2024,Equestrian : Eventing Individual,Ven5
EQUEI003,EQU,29/07/2024,Equestrian : Eventing Individual,Ven5
EQUET001,EQU,29/07/2024,Equestrian : Eventing Team,Ven5
EQUET002,EQU,29/07/2024,Equestrian : Eventing Team,Ven5
EQUET003,EQU,29/07/2024,Equestrian : Eventing Team,Ven5
FENMFI001,FEN,29/07/2024,Fencing : Men's Foil Individual,Ven10
FENMFI002,FEN,29/07/2024,Fencing : Men's Foil Individual,Ven10
FENMFI003,FEN,29/07/2024,Fencing : Men's Foil Individual,Ven10
FENWSI001,FEN,29/07/2024,Fencing : Women's Sabre Individual,Ven10
FENWSI002,FEN,29/07/2024,Fencing : Women's Sabre Individual,Ven10
FENWSI003,FEN,29/07/2024,Fencing : Women's Sabre Individual,Ven10
JUDM7K009,JUD,29/07/2024,Judo : Men -73 kg,Ven4
JUDMMK010,JUD,29/07/2024,Judo : Men -73 kg,Ven4
JUDMOK011,JUD,29/07/2024,Judo : Men -73 kg,Ven4
JUDMXK012,JUD,29/07/2024,Judo : Men -73 kg,Ven4
JUDWOK009,JUD,29/07/2024,Judo : Women -57 kg,Ven4
JUDW1K010,JUD,29/07/2024,Judo : Women -57 kg,Ven4
JUDW2K011,JUD,29/07/2024,Judo : Women -57 kg,Ven4
JUDWUK012,JUD,29/07/2024,Judo : Women -57 kg,Ven4
SHO1AR004,SHO,29/07/2024,Shooting : 10m Air Rifle Men,Ven6
SHO1AR005,SHO,29/07/2024,Shooting : 10m Air Rifle Men,Ven6
SHO1AR006,SHO,29/07/2024,Shooting : 10m Air Rifle Men,Ven6
SHO1AR007,SHO,29/07/2024,Shooting : 10m Air Rifle Women,Ven6
SHO1AR008,SHO,29/07/2024,Shooting : 10m Air Rifle Women,Ven6
SHO1AR009,SHO,29/07/2024,Shooting : 10m Air Rifle Women,Ven6
SKBMS001,SKB,29/07/2024,Skateboarding : Men's Street,Ven14
SKBMS002,SKB,29/07/2024,Skateboarding : Men's Street,Ven14
SKBMS003,SKB,29/07/2024,Skateboarding : Men's Street,Ven14
SWMM1B004,SWM,29/07/2024,Swimming : Men's 100m Backstroke,Ven23
SWMM1B005,SWM,29/07/2024,Swimming : Men's 100m Backstroke,Ven23
SWMM1B006,SWM,29/07/2024,Swimming : Men's 100m Backstroke,Ven23
SWMM2F001,SWM,29/07/2024,Swimming : Men's 200m Freestyle,Ven23
SWMM2F002,SWM,29/07/2024,Swimming : Men's 200m Freestyle,Ven23
SWMM2F003,SWM,29/07/2024,Swimming : Men's 200m Freestyle,Ven23
SWMW1B004,SWM,29/07/2024,Swimming : Women's 100m Breaststroke,Ven23
SWMW1B005,SWM,29/07/2024,Swimming : Women's 100m Breaststroke,Ven23
SWMW1B006,SWM,29/07/2024,Swimming : Women's 100m Breaststroke,Ven23
SWMW2F001,SWM,29/07/2024,Swimming : Women's 200m Freestyle,Ven23
SWMW2F002,SWM,29/07/2024,Swimming : Women's 200m Freestyle,Ven23
SWMW2F003,SWM,29/07/2024,Swimming : Women's 200m Freestyle,Ven23
SWMW4I001,SWM,29/07/2024,Swimming : Women's 400m Individual Medley,Ven23
SWMW4I002,SWM,29/07/2024,Swimming : Women's 400m Individual Medley,Ven23
SWMW4I003,SWM,29/07/2024,Swimming : Women's 400m Individual Medley,Ven23
GARWT001,GAR,30/07/2024,Artistic Gymnastics : Women's Team,Ven2
GARWT002,GAR,30/07/2024,Artistic Gymnastics : Women's Team,Ven2
GARWT003,GAR,30/07/2024,Artistic Gymnastics : Women's Team,Ven2
JUDMLK013,JUD,30/07/2024,Judo : Men -81 kg,Ven4
JUDM3K014,JUD,30/07/2024,Judo : Men -81 kg,Ven4
JUDMAK015,JUD,30/07/2024,Judo : Men -81 kg,Ven4
JUDM5K016,JUD,30/07/2024,Judo : Men -81 kg,Ven4
JUDWAK013,JUD,30/07/2024,Judo : Women -63 kg,Ven4
JUDW9K014,JUD,30/07/2024,Judo : Women -63 kg,Ven4
JUDWTK015,JUD,30/07/2024,Judo : Women -63 kg,Ven4
JUDWGK016,JUD,30/07/2024,Judo : Women -63 kg,Ven4
RU7W001,RU7,30/07/2024,Rugby Sevens : Women,Ven31
RU7W002,RU7,30/07/2024,Rugby Sevens : Women,Ven31
RU7W003,RU7,30/07/2024,Rugby Sevens : Women,Ven31
SHO1AP007,SHO,30/07/2024,Shooting : 10m Air Pistol Mixed Team,Ven6
SHO1AP008,SHO,30/07/2024,Shooting : 10m Air Pistol Mixed Team,Ven6
SHO1AP009,SHO,30/07/2024,Shooting : 10m Air Pistol Mixed Team,Ven6
SHOTM001,SHO,30/07/2024,Shooting : Trap Men,Ven6
SHOTM002,SHO,30/07/2024,Shooting : Trap Men,Ven6
SHOTM003,SHO,30/07/2024,Shooting : Trap Men,Ven6
SWMM4X004,SWM,30/07/2024,Swimming : Men's 4 x 200m Freestyle Relay,Ven23
SWMM4X005,SWM,30/07/2024,Swimming : Men's 4 x 200m Freestyle Relay,Ven23
SWMM4X006,SWM,30/07/2024,Swimming : Men's 4 x 200m Freestyle Relay,Ven23
SWMM8F001,SWM,30/07/2024,Swimming : Men's 800m Freestyle,Ven23
SWMM8F002,SWM,30/07/2024,Swimming : Men's 800m Freestyle,Ven23
SWMM8F003,SWM,30/07/2024,Swimming : Men's 800m Freestyle,Ven23
SWMW1B007,SWM,30/07/2024,Swimming : Women's 100m Backstroke,Ven23
SWMW1B008,SWM,30/07/2024,Swimming : Women's 100m Backstroke,Ven23
SWMW1B009,SWM,30/07/2024,Swimming : Women's 100m Backstroke,Ven23
TTEMD001,TTE,30/07/2024,Table Tennis : Mixed Doubles,Ven30
TTEMD002,TTE,30/07/2024,Table Tennis : Mixed Doubles,Ven30
TTEMD003,TTE,30/07/2024,Table Tennis : Mixed Doubles,Ven30
GARMA001,GAR,31/07/2024,Artistic Gymnastics : Men's All-Around,Ven2
GARMA002,GAR,31/07/2024,Artistic Gymnastics : Men's All-Around,Ven2
GARMA003,GAR,31/07/2024,Artistic Gymnastics : Men's All-Around,Ven2
CNSWCS001,CNS,31/07/2024,Canoe Slalom : Women's Canoe Single,Ven34
CNSWCS002,CNS,31/07/2024,Canoe Slalom : Women's Canoe Single,Ven34
CNSWCS003,CNS,31/07/2024,Canoe Slalom : Women's Canoe Single,Ven34
CYFMP001,CYF,31/07/2024,Cycling BMX Freestyle : Men's Park,Ven14
CYFMP002,CYF,31/07/2024,Cycling BMX Freestyle : Men's Park,Ven14
CYFMP003,CYF,31/07/2024,Cycling BMX Freestyle : Men's Park,Ven14
CYFWP001,CYF,31/07/2024,Cycling BMX Freestyle : Women's Park,Ven14
CYFWP002,CYF,31/07/2024,Cycling BMX Freestyle : Women's Park,Ven14
CYFWP003,CYF,31/07/2024,Cycling BMX Freestyle : Women's Park,Ven14
DIVWS1001,DIV,31/07/2024,Diving : Women's Synchronised 10m Platform,Ven1
DIVWS1002,DIV,31/07/2024,Diving : Women's Synchronised 10m Platform,Ven1
DIVWS1003,DIV,31/07/2024,Diving : Women's Synchronised 10m Platform,Ven1
FENMST001,FEN,31/07/2024,Fencing : Men's Sabre Team,Ven10
FENNST002,FEN,31/07/2024,Fencing : Men's Sabre Team,Ven10
FENMST003,FEN,31/07/2024,Fencing : Men's Sabre Team,Ven10
JUDMCK017,JUD,31/07/2024,Judo : Men -90 kg,Ven4
JUDM1K018,JUD,31/07/2024,Judo : Men -90 kg,Ven4
JUDMLK019,JUD,31/07/2024,Judo : Men -90 kg,Ven4
JUDM7K020,JUD,31/07/2024,Judo : Men -90 kg,Ven4
JUDWDK017,JUD,31/07/2024,Judo : Women -70 kg,Ven4
JUDWDK018,JUD,31/07/2024,Judo : Women -70 kg,Ven4
JUDWWK019,JUD,31/07/2024,Judo : Women -70 kg,Ven4
JUDWBK020,JUD,31/07/2024,Judo : Women -70 kg,Ven4
ROWMQS001,ROW,31/07/2024,Rowing : Men's Quadruple Sculls,Ven34
ROWMQS002,ROW,31/07/2024,Rowing : Men's Quadruple Sculls,Ven34
ROWMQS003,ROW,31/07/2024,Rowing : Men's Quadruple Sculls,Ven34
ROWWQS001,ROW,31/07/2024,Rowing : Women's Quadruple Sculls,Ven34
ROWWQS002,ROW,31/07/2024,Rowing : Women's Quadruple Sculls,Ven34
ROWWQS003,ROW,31/07/2024,Rowing : Women's Quadruple Sculls,Ven34
SHOTW001,SHO,31/07/2024,Shooting : Trap Women,Ven6
SHOTW002,SHO,31/07/2024,Shooting : Trap Women,Ven6
SHOTW003,SHO,31/07/2024,Shooting : Trap Women,Ven6
SWMM1F001,SWM,31/07/2024,Swimming : Men's 100m Freestyle,Ven23
SWMM1F002,SWM,31/07/2024,Swimming : Men's 100m Freestyle,Ven23
SWMM1F003,SWM,31/07/2024,Swimming : Men's 100m Freestyle,Ven23
SWMM2B001,SWM,31/07/2024,Swimming : Men's 200m Breaststroke,Ven23
SWMM2B002,SWM,31/07/2024,Swimming : Men's 200m Breaststroke,Ven23
SWMM2B003,SWM,31/07/2024,Swimming : Men's 200m Breaststroke,Ven23
SWMM2B004,SWM,31/07/2024,Swimming : Men's 200m Butterfly,Ven23
SWMM2B005,SWM,31/07/2024,Swimming : Men's 200m Butterfly,Ven23
SWMM2B006,SWM,31/07/2024,Swimming : Men's 200m Butterfly,Ven23
SWMW1F001,SWM,31/07/2024,Swimming : Women's 100m Freestyle,Ven23
SWMW1F002,SWM,31/07/2024,Swimming : Women's 100m Freestyle,Ven23
SWMW1F003,SWM,31/07/2024,Swimming : Women's 100m Freestyle,Ven23
SWMW1F004,SWM,31/07/2024,Swimming : Women's 1500m Freestyle,Ven23
SWMW1F005,SWM,31/07/2024,Swimming : Women's 1500m Freestyle,Ven23
SWMW1F006,SWM,31/07/2024,Swimming : Women's 1500m Freestyle,Ven23
TRIMI001,TRI,31/07/2024,Triathlon : Men's Individual,Ven25
TRIMI002,TRI,31/07/2024,Triathlon : Men's Individual,Ven25
TRIMI003,TRI,31/07/2024,Triathlon : Men's Individual,Ven25
TRIWI001,TRI,31/07/2024,Triathlon : Women's Individual,Ven25
TRIWI002,TRI,31/07/2024,Triathlon : Women's Individual,Ven25
TRIWI003,TRI,31/07/2024,Triathlon : Women's Individual,Ven25
GARWA001,GAR,1/08/2024,Artistic Gymnastics : Women's All-Around,Ven2
GARWA002,GAR,1/08/2024,Artistic Gymnastics : Women's All-Around,Ven2
GARWA003,GAR,1/08/2024,Artistic Gymnastics : Women's All-Around,Ven2
ATHM2R001,ATH,1/08/2024,Athletics : Men's 20km Race Walk,Ven33
ATHM2R002,ATH,1/08/2024,Athletics : Men's 20km Race Walk,Ven33
ATHM2R003,ATH,1/08/2024,Athletics : Men's 20km Race Walk,Ven33
ATHW2R001,ATH,1/08/2024,Athletics : Women's 20km Race Walk,Ven33
ATHW2R002,ATH,1/08/2024,Athletics : Women's 20km Race Walk,Ven33
ATHW2R003,ATH,1/08/2024,Athletics : Women's 20km Race Walk,Ven33
CNSMKS001,CNS,1/08/2024,Canoe Slalom : Men's Kayak Single,Ven34
CNSMKS002,CNS,1/08/2024,Canoe Slalom : Men's Kayak Single,Ven34
CNSMKS003,CNS,1/08/2024,Canoe Slalom : Men's Kayak Single,Ven34
FENWFT001,FEN,1/08/2024,Fencing : Women's Foil Team,Ven10
FENWFT002,FEN,1/08/2024,Fencing : Women's Foil Team,Ven10
FENWFT003,FEN,1/08/2024,Fencing : Women's Foil Team,Ven10
JUDMNK021,JUD,1/08/2024,Judo : Men -100 kg,Ven4
JUDMUK022,JUD,1/08/2024,Judo : Men -100 kg,Ven4
JUDM2K023,JUD,1/08/2024,Judo : Men -100 kg,Ven4
JUDM8K024,JUD,1/08/2024,Judo : Men -100 kg,Ven4
JUDWXK021,JUD,1/08/2024,Judo : Women -78 kg,Ven4
JUDW9K022,JUD,1/08/2024,Judo : Women -78 kg,Ven4
JUDWWK023,JUD,1/08/2024,Judo : Women -78 kg,Ven4
JUDWZK024,JUD,1/08/2024,Judo : Women -78 kg,Ven4
ROWMDS001,ROW,1/08/2024,Rowing : Men's Double Sculls,Ven34
ROWMDS002,ROW,1/08/2024,Rowing : Men's Double Sculls,Ven34
ROWMDS003,ROW,1/08/2024,Rowing : Men's Double Sculls,Ven34
ROWMF001,ROW,1/08/2024,Rowing : Men's Four,Ven34
ROWMF002,ROW,1/08/2024,Rowing : Men's Four,Ven34
ROWMF003,ROW,1/08/2024,Rowing : Men's Four,Ven34
ROWWDS001,ROW,1/08/2024,Rowing : Women's Double Sculls,Ven34
ROWWDS002,ROW,1/08/2024,Rowing : Women's Double Sculls,Ven34
ROWWDS003,ROW,1/08/2024,Rowing : Women's Double Sculls,Ven34
ROWWF001,ROW,1/08/2024,Rowing : Women's Four,Ven34
ROWWF002,ROW,1/08/2024,Rowing : Women's Four,Ven34
ROWWF003,ROW,1/08/2024,Rowing : Women's Four,Ven34
SHO5R3001,SHO,1/08/2024,Shooting : 50m Rifle 3 Positions Men,Ven6
SHO5R3002,SHO,1/08/2024,Shooting : 50m Rifle 3 Positions Men,Ven6
SHO5R3003,SHO,1/08/2024,Shooting : 50m Rifle 3 Positions Men,Ven6
SWMM2B007,SWM,1/08/2024,Swimming : Men's 200m Backstroke,Ven23
SWMM2B008,SWM,1/08/2024,Swimming : Men's 200m Backstroke,Ven23
SWMM2B009,SWM,1/08/2024,Swimming : Men's 200m Backstroke,Ven23
SWMW2B001,SWM,1/08/2024,Swimming : Women's 200m Breaststroke,Ven23
SWMW2B002,SWM,1/08/2024,Swimming : Women's 200m Breaststroke,Ven23
SWMW2B003,SWM,1/08/2024,Swimming : Women's 200m Breaststroke,Ven23
SWMW2B004,SWM,1/08/2024,Swimming : Women's 200m Butterfly,Ven23
SWMW2B005,SWM,1/08/2024,Swimming : Women's 200m Butterfly,Ven23
SWMW2B006,SWM,1/08/2024,Swimming : Women's 200m Butterfly,Ven23
SWMW4X004,SWM,1/08/2024,Swimming : Women's 4 x 200m Freestyle Relay,Ven23
SWMW4X005,SWM,1/08/2024,Swimming : Women's 4 x 200m Freestyle Relay,Ven23
SWMW4X006,SWM,1/08/2024,Swimming : Women's 4 x 200m Freestyle Relay,Ven23
ARCMT004,ARC,2/08/2024,Archery : Mixed Team,Ven12
ARCMT005,ARC,2/08/2024,Archery : Mixed Team,Ven12
ARCMT006,ARC,2/08/2024,Archery : Mixed Team,Ven12
ATHM1001,ATH,2/08/2024,"Athletics : Men's 10,000m",Ven33
ATHM1002,ATH,2/08/2024,"Athletics : Men's 10,000m",Ven33
ATHM1003,ATH,2/08/2024,"Athletics : Men's 10,000m",Ven33
BDMMD001,BDM,2/08/2024,Badminton : Mixed Doubles,Ven26
BDMMD002,BDM,2/08/2024,Badminton : Mixed Doubles,Ven26
BDMMD003,BDM,2/08/2024,Badminton : Mixed Doubles,Ven26
CYBM001,CYB,2/08/2024,Cycling BMX Racing : Men,Ven28
CYBM002,CYB,2/08/2024,Cycling BMX Racing : Men,Ven28
CYBM003,CYB,2/08/2024,Cycling BMX Racing : Men,Ven28
CYBW001,CYB,2/08/2024,Cycling BMX Racing : Women,Ven28
CYBW002,CYB,2/08/2024,Cycling BMX Racing : Women,Ven28
CYBW003,CYB,2/08/2024,Cycling BMX Racing : Women,Ven28
DIVMS3001,DIV,2/08/2024,Diving : Men's Synchronised 3m Springboard,Ven1
DIVMS3002,DIV,2/08/2024,Diving : Men's Synchronised 3m Springboard,Ven1
DIVMS3003,DIV,2/08/2024,Diving : Men's Synchronised 3m Springboard,Ven1
EQUJT001,EQU,2/08/2024,Equestrian : Jumping Team,Ven5
EQUJT002,EQU,2/08/2024,Equestrian : Jumping Team,Ven5
EQUJT003,EQU,2/08/2024,Equestrian : Jumping Team,Ven5
FENM8T001,FEN,2/08/2024,Fencing : Men's Épée Team,Ven10
FENMST002,FEN,2/08/2024,Fencing : Men's Épée Team,Ven10
FENMHT003,FEN,2/08/2024,Fencing : Men's Épée Team,Ven10
JUDMJK001,JUD,2/08/2024,Judo : Men +100 kg,Ven4
JUDMYK002,JUD,2/08/2024,Judo : Men +100 kg,Ven4
JUDM1K003,JUD,2/08/2024,Judo : Men +100 kg,Ven4
JUDM8K004,JUD,2/08/2024,Judo : Men +100 kg,Ven4
JUDWPK001,JUD,2/08/2024,Judo : Women +78 kg,Ven4
JUDW0K002,JUD,2/08/2024,Judo : Women +78 kg,Ven4
JUDW8K003,JUD,2/08/2024,Judo : Women +78 kg,Ven4
JUDW8K004,JUD,2/08/2024,Judo : Women +78 kg,Ven4
ROWLMD001,ROW,2/08/2024,Rowing : Lightweight Men's Double Sculls,Ven34
ROWLMD002,ROW,2/08/2024,Rowing : Lightweight Men's Double Sculls,Ven34
ROWLMD003,ROW,2/08/2024,Rowing : Lightweight Men's Double Sculls,Ven34
ROWLWD001,ROW,2/08/2024,Rowing : Lightweight Women's Double Sculls,Ven34
ROWLWD002,ROW,2/08/2024,Rowing : Lightweight Women's Double Sculls,Ven34
ROWLWD003,ROW,2/08/2024,Rowing : Lightweight Women's Double Sculls,Ven34
ROWMP001,ROW,2/08/2024,Rowing : Men's Pair,Ven34
ROWMP002,ROW,2/08/2024,Rowing : Men's Pair,Ven34
ROWMP003,ROW,2/08/2024,Rowing : Men's Pair,Ven34
ROWWP001,ROW,2/08/2024,Rowing : Women's Pair,Ven34
ROWWP002,ROW,2/08/2024,Rowing : Women's Pair,Ven34
ROWWP003,ROW,2/08/2024,Rowing : Women's Pair,Ven34
SALMS001,SAL,2/08/2024,Sailing : Men's Skiff,Ven18
SALMS002,SAL,2/08/2024,Sailing : Men's Skiff,Ven18
SALMS003,SAL,2/08/2024,Sailing : Men's Skiff,Ven18
SALWS001,SAL,2/08/2024,Sailing : Women's Skiff,Ven18
SALWS002,SAL,2/08/2024,Sailing : Women's Skiff,Ven18
SALWS003,SAL,2/08/2024,Sailing : Women's Skiff,Ven18
SHO5R3004,SHO,2/08/2024,Shooting : 50m Rifle 3 Positions Women,Ven6
SHO5R3005,SHO,2/08/2024,Shooting : 50m Rifle 3 Positions Women,Ven6
SHO5R3006,SHO,2/08/2024,Shooting : 50m Rifle 3 Positions Women,Ven6
SWMM2I001,SWM,2/08/2024,Swimming : Men's 200m Individual Medley,Ven23
SWMM2I002,SWM,2/08/2024,Swimming : Men's 200m Individual Medley,Ven23
SWMM2I003,SWM,2/08/2024,Swimming : Men's 200m Individual Medley,Ven23
SWMM5F001,SWM,2/08/2024,Swimming : Men's 50m Freestyle,Ven23
SWMM5F002,SWM,2/08/2024,Swimming : Men's 50m Freestyle,Ven23
SWMM5F003,SWM,2/08/2024,Swimming : Men's 50m Freestyle,Ven23
SWMW2B007,SWM,2/08/2024,Swimming : Women's 200m Backstroke,Ven23
SWMW2B008,SWM,2/08/2024,Swimming : Women's 200m Backstroke,Ven23
SWMW2B009,SWM,2/08/2024,Swimming : Women's 200m Backstroke,Ven23
TENMD001,TEN,2/08/2024,Tennis : Mixed Doubles,Ven27
TENMD002,TEN,2/08/2024,Tennis : Mixed Doubles,Ven27
TENMD003,TEN,2/08/2024,Tennis : Mixed Doubles,Ven27
TENWS001,TEN,2/08/2024,Tennis : Women's Singles,Ven27
TLGM001,TLG,2/08/2024,Trampoline Gymnastics : Men,Ven7
TLGM002,TLG,2/08/2024,Trampoline Gymnastics : Men,Ven7
TLGM003,TLG,2/08/2024,Trampoline Gymnastics : Men,Ven7
TLGW001,TLG,2/08/2024,Trampoline Gymnastics : Women,Ven7
TLGW002,TLG,2/08/2024,Trampoline Gymnastics : Women,Ven7
TLGW003,TLG,2/08/2024,Trampoline Gymnastics : Women,Ven7
ARCWI001,ARC,3/08/2024,Archery : Women's Individual,Ven12
ARCWI002,ARC,3/08/2024,Archery : Women's Individual,Ven12
ARCWI003,ARC,3/08/2024,Archery : Women's Individual,Ven12
GARMFE001,GAR,3/08/2024,Artistic Gymnastics : Men's Floor Exercise,Ven2
GARMFE002,GAR,3/08/2024,Artistic Gymnastics : Men's Floor Exercise,Ven2
GARMFE003,GAR,3/08/2024,Artistic Gymnastics : Men's Floor Exercise,Ven2
GARMPH001,GAR,3/08/2024,Artistic Gymnastics : Men's Pommel Horse,Ven2
GARMPH002,GAR,3/08/2024,Artistic Gymnastics : Men's Pommel Horse,Ven2
GARMPH003,GAR,3/08/2024,Artistic Gymnastics : Men's Pommel Horse,Ven2
GARWV001,GAR,3/08/2024,Artistic Gymnastics : Women's Vault,Ven2
GARWV002,GAR,3/08/2024,Artistic Gymnastics : Women's Vault,Ven2
GARWV003,GAR,3/08/2024,Artistic Gymnastics : Women's Vault,Ven2
ATH4X4001,ATH,3/08/2024,Athletics : 4 x 400m Relay Mixed,Ven33
ATH4X4002,ATH,3/08/2024,Athletics : 4 x 400m Relay Mixed,Ven33
ATH4X4003,ATH,3/08/2024,Athletics : 4 x 400m Relay Mixed,Ven33
ATHMD001,ATH,3/08/2024,Athletics : Men's Decathlon,Ven33
ATHMD002,ATH,3/08/2024,Athletics : Men's Decathlon,Ven33
ATHMD003,ATH,3/08/2024,Athletics : Men's Decathlon,Ven33
ATHMSP001,ATH,3/08/2024,Athletics : Men's Shot Put,Ven33
ATHMSP002,ATH,3/08/2024,Athletics : Men's Shot Put,Ven33
ATHMSP003,ATH,3/08/2024,Athletics : Men's Shot Put,Ven33
ATHW1001,ATH,3/08/2024,Athletics : Women's 100m,Ven33
ATHW1002,ATH,3/08/2024,Athletics : Women's 100m,Ven33
ATHW1003,ATH,3/08/2024,Athletics : Women's 100m,Ven33
ATHWTJ001,ATH,3/08/2024,Athletics : Women's Triple Jump,Ven33
ATHWTJ002,ATH,3/08/2024,Athletics : Women's Triple Jump,Ven33
ATHWTJ003,ATH,3/08/2024,Athletics : Women's Triple Jump,Ven33
BDMWD001,BDM,3/08/2024,Badminton : Women's Doubles,Ven26
BDMWD002,BDM,3/08/2024,Badminton : Women's Doubles,Ven26
BDMWD003,BDM,3/08/2024,Badminton : Women's Doubles,Ven26
BOXW6001,BOX,3/08/2024,Boxing : Women's 60kg,Ven27
BOXW6002,BOX,3/08/2024,Boxing : Women's 60kg,Ven27
CYCMRR001,CYC,3/08/2024,Cycling Road : Men's Road Race,Ven33
CYCMRR002,CYC,3/08/2024,Cycling Road : Men's Road Race,Ven33
CYCMRR003,CYC,3/08/2024,Cycling Road : Men's Road Race,Ven33
EQUDT001,EQU,3/08/2024,Equestrian : Dressage Team,Ven5
EQUDT002,EQU,3/08/2024,Equestrian : Dressage Team,Ven5
EQUDT003,EQU,3/08/2024,Equestrian : Dressage Team,Ven5
FENWST001,FEN,3/08/2024,Fencing : Women's Sabre Team,Ven10
FENWST002,FEN,3/08/2024,Fencing : Women's Sabre Team,Ven10
FENWST003,FEN,3/08/2024,Fencing : Women's Sabre Team,Ven10
JUDMT001,JUD,3/08/2024,Judo : Mixed Team,Ven4
JUDMT002,JUD,3/08/2024,Judo : Mixed Team,Ven4
JUDMT003,JUD,3/08/2024,Judo : Mixed Team,Ven4
JUDMT004,JUD,3/08/2024,Judo : Mixed Team,Ven4
ROWME001,ROW,3/08/2024,Rowing : Men's Eight,Ven34
ROWME002,ROW,3/08/2024,Rowing : Men's Eight,Ven34
ROWME003,ROW,3/08/2024,Rowing : Men's Eight,Ven34
ROWMSS001,ROW,3/08/2024,Rowing : Men's Single Sculls,Ven34
ROWMSS002,ROW,3/08/2024,Rowing : Men's Single Sculls,Ven34
ROWMSS003,ROW,3/08/2024,Rowing : Men's Single Sculls,Ven34
ROWWE001,ROW,3/08/2024,Rowing : Women's Eight,Ven34
ROWWE002,ROW,3/08/2024,Rowing : Women's Eight,Ven34
ROWWE003,ROW,3/08/2024,Rowing : Women's Eight,Ven34
ROWWSS001,ROW,3/08/2024,Rowing : Women's Single Sculls,Ven34
ROWWSS002,ROW,3/08/2024,Rowing : Women's Single Sculls,Ven34
ROWWSS003,ROW,3/08/2024,Rowing : Women's Single Sculls,Ven34
SALMW001,SAL,3/08/2024,Sailing : Men's Windsurfing,Ven18
SALMW002,SAL,3/08/2024,Sailing : Men's Windsurfing,Ven18
SALMW003,SAL,3/08/2024,Sailing : Men's Windsurfing,Ven18
SALWW001,SAL,3/08/2024,Sailing : Women's Windsurfing,Ven18
SALWW002,SAL,3/08/2024,Sailing : Women's Windsurfing,Ven18
SALWW003,SAL,3/08/2024,Sailing : Women's Windsurfing,Ven18
SHO2PW001,SHO,3/08/2024,Shooting : 25m Pistol Women,Ven6
SHO2PW002,SHO,3/08/2024,Shooting : 25m Pistol Women,Ven6
SHO2PW003,SHO,3/08/2024,Shooting : 25m Pistol Women,Ven6
SHOSM001,SHO,3/08/2024,Shooting : Skeet Men,Ven6
SHOSM002,SHO,3/08/2024,Shooting : Skeet Men,Ven6
SHOSM003,SHO,3/08/2024,Shooting : Skeet Men,Ven6
SWMM1B007,SWM,3/08/2024,Swimming : Men's 100m Butterfly,Ven23
SWMM1B008,SWM,3/08/2024,Swimming : Men's 100m Butterfly,Ven23
SWMM1B009,SWM,3/08/2024,Swimming : Men's 100m Butterfly,Ven23
SWMM4X007,SWM,3/08/2024,Swimming : Mixed 4 x 100m Medley Relay,Ven23
SWMM4X008,SWM,3/08/2024,Swimming : Mixed 4 x 100m Medley Relay,Ven23
SWMM4X009,SWM,3/08/2024,Swimming : Mixed 4 x 100m Medley Relay,Ven23
SWMW2I001,SWM,3/08/2024,Swimming : Women's 200m Individual Medley,Ven23
SWMW2I002,SWM,3/08/2024,Swimming : Women's 200m Individual Medley,Ven23
SWMW2I003,SWM,3/08/2024,Swimming : Women's 200m Individual Medley,Ven23
SWMW8F001,SWM,3/08/2024,Swimming : Women's 800m Freestyle,Ven23
SWMW8F002,SWM,3/08/2024,Swimming : Women's 800m Freestyle,Ven23
SWMW8F003,SWM,3/08/2024,Swimming : Women's 800m Freestyle,Ven23
TTEWS001,TTE,3/08/2024,Table Tennis : Women's Singles,Ven30
TTEWS002,TTE,3/08/2024,Table Tennis : Women's Singles,Ven30
TTEWS003,TTE,3/08/2024,Table Tennis : Women's Singles,Ven30
TENMD004,TEN,3/08/2024,Tennis : Men's Doubles,Ven27
TENMD005,TEN,3/08/2024,Tennis : Men's Doubles,Ven27
TENMD006,TEN,3/08/2024,Tennis : Men's Doubles,Ven27
TENMS001,TEN,3/08/2024,Tennis : Men's Singles,Ven27
TENWS002,TEN,3/08/2024,Tennis : Women's Singles,Ven27
TENWS003,TEN,3/08/2024,Tennis : Women's Singles,Ven27
ARCMI001,ARC,4/08/2024,Archery : Men's Individual,Ven12
ARCMI002,ARC,4/08/2024,Archery : Men's Individual,Ven12
ARCMI003,ARC,4/08/2024,Archery : Men's Individual,Ven12
GARMR001,GAR,4/08/2024,Artistic Gymnastics : Men's Rings,Ven2
GARMR002,GAR,4/08/2024,Artistic Gymnastics : Men's Rings,Ven2
GARMR003,GAR,4/08/2024,Artistic Gymnastics : Men's Rings,Ven2
GARMV001,GAR,4/08/2024,Artistic Gymnastics : Men's Vault,Ven2
GARMV002,GAR,4/08/2024,Artistic Gymnastics : Men's Vault,Ven2
GARMV003,GAR,4/08/2024,Artistic Gymnastics : Men's Vault,Ven2
GARWUB001,GAR,4/08/2024,Artistic Gymnastics : Women's Uneven Bars,Ven2
GARWUB002,GAR,4/08/2024,Artistic Gymnastics : Women's Uneven Bars,Ven2
GARWUB003,GAR,4/08/2024,Artistic Gymnastics : Women's Uneven Bars,Ven2
ATHM1004,ATH,4/08/2024,Athletics : Men's 100m,Ven33
ATHM1005,ATH,4/08/2024,Athletics : Men's 100m,Ven33
ATHM1006,ATH,4/08/2024,Athletics : Men's 100m,Ven33
ATHMHT001,ATH,4/08/2024,Athletics : Men's Hammer Throw,Ven33
ATHMHT002,ATH,4/08/2024,Athletics : Men's Hammer Throw,Ven33
ATHMHT003,ATH,4/08/2024,Athletics : Men's Hammer Throw,Ven33
ATHWHJ001,ATH,4/08/2024,Athletics : Women's High Jump,Ven33
ATHWHJ002,ATH,4/08/2024,Athletics : Women's High Jump,Ven33
ATHWHJ003,ATH,4/08/2024,Athletics : Women's High Jump,Ven33
ATHWHJ004,ATH,4/08/2024,Athletics : Women's High Jump,Ven33
BDMMD004,BDM,4/08/2024,Badminton : Men's Doubles,Ven26
BDMMD005,BDM,4/08/2024,Badminton : Men's Doubles,Ven26
BDMMD006,BDM,4/08/2024,Badminton : Men's Doubles,Ven26
BDMWS001,BDM,4/08/2024,Badminton : Women's Singles,Ven26
BOXM5001,BOX,4/08/2024,Boxing : Men's 51kg,Ven27
BOXM5002,BOX,4/08/2024,Boxing : Men's 51kg,Ven27
BOXM6001,BOX,4/08/2024,Boxing : Men's 63.5kg,Ven27
BOXM6022,BOX,4/08/2024,Boxing : Men's 63.5kg,Ven27
BOXM8001,BOX,4/08/2024,Boxing : Men's 80kg,Ven27
BOXM8002,BOX,4/08/2024,Boxing : Men's 80kg,Ven27
BOXM9001,BOX,4/08/2024,Boxing : Men's 92kg,Ven27
BOXM9002,BOX,4/08/2024,Boxing : Men's 92kg,Ven27
BOXW5001,BOX,4/08/2024,Boxing : Women's 54kg,Ven27
BOXW5002,BOX,4/08/2024,Boxing : Women's 54kg,Ven27
CYCWRR001,CYC,4/08/2024,Cycling Road : Women's Road Race,Ven33
CYCWRR002,CYC,4/08/2024,Cycling Road : Women's Road Race,Ven33
CYCWRR003,CYC,4/08/2024,Cycling Road : Women's Road Race,Ven33
EQUDI001,EQU,4/08/2024,Equestrian : Dressage Individual,Ven5
EQUDI002,EQU,4/08/2024,Equestrian : Dressage Individual,Ven5
EQUDI003,EQU,4/08/2024,Equestrian : Dressage Individual,Ven5
FENMFT001,FEN,4/08/2024,Fencing : Men's Foil Team,Ven10
FENMFT002,FEN,4/08/2024,Fencing : Men's Foil Team,Ven10
FENMFT003,FEN,4/08/2024,Fencing : Men's Foil Team,Ven10
GOLMIS001,GOL,4/08/2024,Golf : Men's Individual Stroke Play,Ven16
GOLMIS002,GOL,4/08/2024,Golf : Men's Individual Stroke Play,Ven16
GOLMIS003,GOL,4/08/2024,Golf : Men's Individual Stroke Play,Ven16
SHOSW001,SHO,4/08/2024,Shooting : Skeet Women,Ven6
SHOSW002,SHO,4/08/2024,Shooting : Skeet Women,Ven6
SHOSW003,SHO,4/08/2024,Shooting : Skeet Women,Ven6
SWMM1F004,SWM,4/08/2024,Swimming : Men's 1500m Freestyle,Ven23
SWMM1F005,SWM,4/08/2024,Swimming : Men's 1500m Freestyle,Ven23
SWMM1F006,SWM,4/08/2024,Swimming : Men's 1500m Freestyle,Ven23
SWMM4X010,SWM,4/08/2024,Swimming : Men's 4 x 100m Medley Relay,Ven23
SWMM4X011,SWM,4/08/2024,Swimming : Men's 4 x 100m Medley Relay,Ven23
SWMM4X012,SWM,4/08/2024,Swimming : Men's 4 x 100m Medley Relay,Ven23
SWMW4X007,SWM,4/08/2024,Swimming : Women's 4 x 100m Medley Relay,Ven23
SWMW4X008,SWM,4/08/2024,Swimming : Women's 4 x 100m Medley Relay,Ven23
SWMW4X009,SWM,4/08/2024,Swimming : Women's 4 x 100m Medley Relay,Ven23
SWMW5F001,SWM,4/08/2024,Swimming : Women's 50m Freestyle,Ven23
SWMW5F002,SWM,4/08/2024,Swimming : Women's 50m Freestyle,Ven23
SWMW5F003,SWM,4/08/2024,Swimming : Women's 50m Freestyle,Ven23
TTEMS001,TTE,4/08/2024,Table Tennis : Men's Singles,Ven30
TTEMS002,TTE,4/08/2024,Table Tennis : Men's Singles,Ven30
TTEMS003,TTE,4/08/2024,Table Tennis : Men's Singles,Ven30
TENMS002,TEN,4/08/2024,Tennis : Men's Singles,Ven27
TENMS003,TEN,4/08/2024,Tennis : Men's Singles,Ven27
TENWD001,TEN,4/08/2024,Tennis : Women's Doubles,Ven27
TENWD002,TEN,4/08/2024,Tennis : Women's Doubles,Ven27
TENWD003,TEN,4/08/2024,Tennis : Women's Doubles,Ven27
BK3M001,BK3,5/08/2024,3x3 Basketball : Men,Ven14
BK3M002,BK3,5/08/2024,3x3 Basketball : Men,Ven14
BK3M003,BK3,5/08/2024,3x3 Basketball : Men,Ven14
BK3W001,BK3,5/08/2024,3x3 Basketball : Women,Ven14
BK3W002,BK3,5/08/2024,3x3 Basketball : Women,Ven14
BK3W003,BK3,5/08/2024,3x3 Basketball : Women,Ven14
GARMHB001,GAR,5/08/2024,Artistic Gymnastics : Men's Horizontal Bar,Ven2
GARMHB002,GAR,5/08/2024,Artistic Gymnastics : Men's Horizontal Bar,Ven2
GARMHB003,GAR,5/08/2024,Artistic Gymnastics : Men's Horizontal Bar,Ven2
GARMHB004,GAR,5/08/2024,Artistic Gymnastics : Men's Horizontal Bar,Ven2
GARMPB001,GAR,5/08/2024,Artistic Gymnastics : Men's Parallel Bars,Ven2
GARMPB002,GAR,5/08/2024,Artistic Gymnastics : Men's Parallel Bars,Ven2
GARMPB003,GAR,5/08/2024,Artistic Gymnastics : Men's Parallel Bars,Ven2
GARWBB001,GAR,5/08/2024,Artistic Gymnastics : Women's Balance Beam,Ven2
GARWBB002,GAR,5/08/2024,Artistic Gymnastics : Women's Balance Beam,Ven2
GARWBB003,GAR,5/08/2024,Artistic Gymnastics : Women's Balance Beam,Ven2
GARWFE001,GAR,5/08/2024,Artistic Gymnastics : Women's Floor Exercise,Ven2
GARWFE002,GAR,5/08/2024,Artistic Gymnastics : Women's Floor Exercise,Ven2
GARWFE003,GAR,5/08/2024,Artistic Gymnastics : Women's Floor Exercise,Ven2
ATHMPV001,ATH,5/08/2024,Athletics : Men's Pole Vault,Ven33
ATHMPV002,ATH,5/08/2024,Athletics : Men's Pole Vault,Ven33
ATHMPV003,ATH,5/08/2024,Athletics : Men's Pole Vault,Ven33
ATHW5001,ATH,5/08/2024,Athletics : Women's 5000m,Ven33
ATHW5002,ATH,5/08/2024,Athletics : Women's 5000m,Ven33
ATHW5003,ATH,5/08/2024,Athletics : Women's 5000m,Ven33
ATHW8001,ATH,5/08/2024,Athletics : Women's 800m,Ven33
ATHW8002,ATH,5/08/2024,Athletics : Women's 800m,Ven33
ATHW8003,ATH,5/08/2024,Athletics : Women's 800m,Ven33
ATHWDT001,ATH,5/08/2024,Athletics : Women's Discus Throw,Ven33
ATHWDT002,ATH,5/08/2024,Athletics : Women's Discus Throw,Ven33
ATHWDT003,ATH,5/08/2024,Athletics : Women's Discus Throw,Ven33
BDMMS001,BDM,5/08/2024,Badminton : Men's Singles,Ven26
BDMMS002,BDM,5/08/2024,Badminton : Men's Singles,Ven26
BDMMS003,BDM,5/08/2024,Badminton : Men's Singles,Ven26
BDMWS002,BDM,5/08/2024,Badminton : Women's Singles,Ven26
BDMWS003,BDM,5/08/2024,Badminton : Women's Singles,Ven26
CNSMKC001,CNS,5/08/2024,Canoe Slalom : Men's Kayak Cross,Ven34
CNSMKC002,CNS,5/08/2024,Canoe Slalom : Men's Kayak Cross,Ven34
CNSMKC003,CNS,5/08/2024,Canoe Slalom : Men's Kayak Cross,Ven34
CNSWKC001,CNS,5/08/2024,Canoe Slalom : Women's Kayak Cross,Ven34
CNSWKC002,CNS,5/08/2024,Canoe Slalom : Women's Kayak Cross,Ven34
CNSWKC003,CNS,5/08/2024,Canoe Slalom : Women's Kayak Cross,Ven34
CTRWTS001,CTR,5/08/2024,Cycling Track : Women's Team Sprint,Ven29
CTRWTS002,CTR,5/08/2024,Cycling Track : Women's Team Sprint,Ven29
CTRWTS003,CTR,5/08/2024,Cycling Track : Women's Team Sprint,Ven29
SHO2RF001,SHO,5/08/2024,Shooting : 25m Rapid Fire Pistol Men,Ven6
SHO2RF002,SHO,5/08/2024,Shooting : 25m Rapid Fire Pistol Men,Ven6
SHO2RF003,SHO,5/08/2024,Shooting : 25m Rapid Fire Pistol Men,Ven6
SHOSMT001,SHO,5/08/2024,Shooting : Skeet Mixed Team,Ven6
SHOSMT002,SHO,5/08/2024,Shooting : Skeet Mixed Team,Ven6
SHOSMT003,SHO,5/08/2024,Shooting : Skeet Mixed Team,Ven6
SURM001,SUR,5/08/2024,Surfing : Men,Ven32
SURM002,SUR,5/08/2024,Surfing : Men,Ven32
SURM003,SUR,5/08/2024,Surfing : Men,Ven32
SURW001,SUR,5/08/2024,Surfing : Women,Ven32
SURW002,SUR,5/08/2024,Surfing : Women,Ven32
SURW003,SUR,5/08/2024,Surfing : Women,Ven32
TRIMR001,TRI,5/08/2024,Triathlon : Mixed Relay,Ven25
TRIMR002,TRI,5/08/2024,Triathlon : Mixed Relay,Ven25
TRIMR003,TRI,5/08/2024,Triathlon : Mixed Relay,Ven25
ATHM1007,ATH,6/08/2024,Athletics : Men's 1500m,Ven33
ATHM1008,ATH,6/08/2024,Athletics : Men's 1500m,Ven33
ATHM1009,ATH,6/08/2024,Athletics : Men's 1500m,Ven33
ATHMLJ001,ATH,6/08/2024,Athletics : Men's Long Jump,Ven33
ATHMLJ002,ATH,6/08/2024,Athletics : Men's Long Jump,Ven33
ATHMLJ003,ATH,6/08/2024,Athletics : Men's Long Jump,Ven33
ATHW2001,ATH,6/08/2024,Athletics : Women's 200m,Ven33
ATHW2002,ATH,6/08/2024,Athletics : Women's 200m,Ven33
ATHW2003,ATH,6/08/2024,Athletics : Women's 200m,Ven33
ATHW3S001,ATH,6/08/2024,Athletics : Women's 3000m Steeplechase,Ven33
ATHW3S002,ATH,6/08/2024,Athletics : Women's 3000m Steeplechase,Ven33
ATHW3S003,ATH,6/08/2024,Athletics : Women's 3000m Steeplechase,Ven33
ATHWHT001,ATH,6/08/2024,Athletics : Women's Hammer Throw,Ven33
ATHWHT002,ATH,6/08/2024,Athletics : Women's Hammer Throw,Ven33
ATHWHT003,ATH,6/08/2024,Athletics : Women's Hammer Throw,Ven33
BOXM7001,BOX,6/08/2024,Boxing : Men's 71kg,Ven27
BOXM7002,BOX,6/08/2024,Boxing : Men's 71kg,Ven27
BOXW5003,BOX,6/08/2024,Boxing : Women's 50kg,Ven27
BOXW5004,BOX,6/08/2024,Boxing : Women's 50kg,Ven27
BOXW6003,BOX,6/08/2024,Boxing : Women's 60kg,Ven27
BOXW6004,BOX,6/08/2024,Boxing : Women's 60kg,Ven27
BOXW6005,BOX,6/08/2024,Boxing : Women's 66kg,Ven27
BOXW6006,BOX,6/08/2024,Boxing : Women's 66kg,Ven27
CTRMTS001,CTR,6/08/2024,Cycling Track : Men's Team Sprint,Ven29
CTRMTS002,CTR,6/08/2024,Cycling Track : Men's Team Sprint,Ven29
CTRMTS003,CTR,6/08/2024,Cycling Track : Men's Team Sprint,Ven29
DIVW1P001,DIV,6/08/2024,Diving : Women's 10m Platform,Ven1
DIVW1P002,DIV,6/08/2024,Diving : Women's 10m Platform,Ven1
DIVW1P003,DIV,6/08/2024,Diving : Women's 10m Platform,Ven1
EQUJI001,EQU,6/08/2024,Equestrian : Jumping Individual,Ven5
EQUJI002,EQU,6/08/2024,Equestrian : Jumping Individual,Ven5
EQUJI003,EQU,6/08/2024,Equestrian : Jumping Individual,Ven5
SKBWP001,SKB,6/08/2024,Skateboarding : Women's Park,Ven14
SKBWP002,SKB,6/08/2024,Skateboarding : Women's Park,Ven14
SKBWP003,SKB,6/08/2024,Skateboarding : Women's Park,Ven14
WREMG1001,WRE,6/08/2024,Wrestling : Men's Greco-Roman 130kg,Ven4
WREMG1002,WRE,6/08/2024,Wrestling : Men's Greco-Roman 130kg,Ven4
WREMG1003,WRE,6/08/2024,Wrestling : Men's Greco-Roman 130kg,Ven4
WREMG1004,WRE,6/08/2024,Wrestling : Men's Greco-Roman 130kg,Ven4
WREMG6001,WRE,6/08/2024,Wrestling : Men's Greco-Roman 60kg,Ven4
WREMG6002,WRE,6/08/2024,Wrestling : Men's Greco-Roman 60kg,Ven4
WREMG6003,WRE,6/08/2024,Wrestling : Men's Greco-Roman 60kg,Ven4
WREMG6004,WRE,6/08/2024,Wrestling : Men's Greco-Roman 60kg,Ven4
WREWF6001,WRE,6/08/2024,Wrestling : Women's Freestyle 68kg,Ven4
WREWF6002,WRE,6/08/2024,Wrestling : Women's Freestyle 68kg,Ven4
WREWF6003,WRE,6/08/2024,Wrestling : Women's Freestyle 68kg,Ven4
WREWF6004,WRE,6/08/2024,Wrestling : Women's Freestyle 68kg,Ven4
SWAT001,SWA,7/08/2024,Artistic Swimming : Team,Ven1
SWAT002,SWA,7/08/2024,Artistic Swimming : Team,Ven1
SWAT003,SWA,7/08/2024,Artistic Swimming : Team,Ven1
ATHMRW001,ATH,7/08/2024,Athletics : Marathon Race Walk Relay Mixed,Ven33
ATHMRW002,ATH,7/08/2024,Athletics : Marathon Race Walk Relay Mixed,Ven33
ATHMRW003,ATH,7/08/2024,Athletics : Marathon Race Walk Relay Mixed,Ven33
ATHM3S001,ATH,7/08/2024,Athletics : Men's 3000m Steeplechase,Ven33
ATHM3S002,ATH,7/08/2024,Athletics : Men's 3000m Steeplechase,Ven33
ATHM3S003,ATH,7/08/2024,Athletics : Men's 3000m Steeplechase,Ven33
ATHM4001,ATH,7/08/2024,Athletics : Men's 400m,Ven33
ATHM4002,ATH,7/08/2024,Athletics : Men's 400m,Ven33
ATHM4003,ATH,7/08/2024,Athletics : Men's 400m,Ven33
ATHMDT001,ATH,7/08/2024,Athletics : Men's Discus Throw,Ven33
ATHMDT002,ATH,7/08/2024,Athletics : Men's Discus Throw,Ven33
ATHMDT003,ATH,7/08/2024,Athletics : Men's Discus Throw,Ven33
ATHWPV001,ATH,7/08/2024,Athletics : Women's Pole Vault,Ven33
ATHWPV002,ATH,7/08/2024,Athletics : Women's Pole Vault,Ven33
ATHWPV003,ATH,7/08/2024,Athletics : Women's Pole Vault,Ven33
BOXM0001,BOX,7/08/2024,Boxing : Men's +92kg,Ven27
BOXM6002,BOX,7/08/2024,Boxing : Men's +92kg,Ven27
BOXM6003,BOX,7/08/2024,Boxing : Men's 63.5kg,Ven27
BOXM6004,BOX,7/08/2024,Boxing : Men's 63.5kg,Ven27
BOXM8003,BOX,7/08/2024,Boxing : Men's 80kg,Ven27
BOXM8004,BOX,7/08/2024,Boxing : Men's 80kg,Ven27
BOXW5005,BOX,7/08/2024,Boxing : Women's 57kg,Ven27
BOXW5006,BOX,7/08/2024,Boxing : Women's 57kg,Ven27
CTRMTP001,CTR,7/08/2024,Cycling Track : Men's Team Pursuit,Ven29
CTRMTP002,CTR,7/08/2024,Cycling Track : Men's Team Pursuit,Ven29
CTRMTP003,CTR,7/08/2024,Cycling Track : Men's Team Pursuit,Ven29
CTRWTP001,CTR,7/08/2024,Cycling Track : Women's Team Pursuit,Ven29
CTRWTP002,CTR,7/08/2024,Cycling Track : Women's Team Pursuit,Ven29
CTRWTP003,CTR,7/08/2024,Cycling Track : Women's Team Pursuit,Ven29
SALMD001,SAL,7/08/2024,Sailing : Men's Dinghy,Ven18
SALMD002,SAL,7/08/2024,Sailing : Men's Dinghy,Ven18
SALMD003,SAL,7/08/2024,Sailing : Men's Dinghy,Ven18
SALWD001,SAL,7/08/2024,Sailing : Women's Dinghy,Ven18
SALWD002,SAL,7/08/2024,Sailing : Women's Dinghy,Ven18
SALWD003,SAL,7/08/2024,Sailing : Women's Dinghy,Ven18
SKBMP001,SKB,7/08/2024,Skateboarding : Men's Park,Ven14
SKBMP002,SKB,7/08/2024,Skateboarding : Men's Park,Ven14
SKBMP003,SKB,7/08/2024,Skateboarding : Men's Park,Ven14
SPCWS001,SPC,7/08/2024,Sport Climbing : Women's Speed,Ven15
SPCWS002,SPC,7/08/2024,Sport Climbing : Women's Speed,Ven15
SPCWS003,SPC,7/08/2024,Sport Climbing : Women's Speed,Ven15
TAEM8001,TAE,7/08/2024,Taekwondo : Men -58kg,Ven10
TAEMN002,TAE,7/08/2024,Taekwondo : Men -58kg,Ven10
TAEM4003,TAE,7/08/2024,Taekwondo : Men -58kg,Ven10
TAEM3004,TAE,7/08/2024,Taekwondo : Men -58kg,Ven10
TAEWU001,TAE,7/08/2024,Taekwondo : Women -49kg,Ven10
TAEW1002,TAE,7/08/2024,Taekwondo : Women -49kg,Ven10
TAEWQ003,TAE,7/08/2024,Taekwondo : Women -49kg,Ven10
TAEWY004,TAE,7/08/2024,Taekwondo : Women -49kg,Ven10
WLIM6001,WLI,7/08/2024,Weightlifting : Men's 61kg,Ven30
WLIM6002,WLI,7/08/2024,Weightlifting : Men's 61kg,Ven30
WLIM6003,WLI,7/08/2024,Weightlifting : Men's 61kg,Ven30
WLIW4001,WLI,7/08/2024,Weightlifting : Women's 49kg,Ven30
WLIW4002,WLI,7/08/2024,Weightlifting : Women's 49kg,Ven30
WLIW4003,WLI,7/08/2024,Weightlifting : Women's 49kg,Ven30
WREMG7001,WRE,7/08/2024,Wrestling : Men's Greco-Roman 77kg,Ven4
WREMG7002,WRE,7/08/2024,Wrestling : Men's Greco-Roman 77kg,Ven4
WREMG7003,WRE,7/08/2024,Wrestling : Men's Greco-Roman 77kg,Ven4
WREMG7004,WRE,7/08/2024,Wrestling : Men's Greco-Roman 77kg,Ven4
WREMG9001,WRE,7/08/2024,Wrestling : Men's Greco-Roman 97kg,Ven4
WREMG9002,WRE,7/08/2024,Wrestling : Men's Greco-Roman 97kg,Ven4
WREMG9003,WRE,7/08/2024,Wrestling : Men's Greco-Roman 97kg,Ven4
WREMG9004,WRE,7/08/2024,Wrestling : Men's Greco-Roman 97kg,Ven4
WREWF5001,WRE,7/08/2024,Wrestling : Women's Freestyle 50kg,Ven4
WREWF5002,WRE,7/08/2024,Wrestling : Women's Freestyle 50kg,Ven4
WREWF5003,WRE,7/08/2024,Wrestling : Women's Freestyle 50kg,Ven4
WREWF5004,WRE,7/08/2024,Wrestling : Women's Freestyle 50kg,Ven4
ATHM1H001,ATH,8/08/2024,Athletics : Men's 110m Hurdles,Ven33
ATHM1H002,ATH,8/08/2024,Athletics : Men's 110m Hurdles,Ven33
ATHM1H003,ATH,8/08/2024,Athletics : Men's 110m Hurdles,Ven33
ATHM2001,ATH,8/08/2024,Athletics : Men's 200m,Ven33
ATHM2002,ATH,8/08/2024,Athletics : Men's 200m,Ven33
ATHM2003,ATH,8/08/2024,Athletics : Men's 200m,Ven33
ATHMJT001,ATH,8/08/2024,Athletics : Men's Javelin Throw,Ven33
ATHMJT002,ATH,8/08/2024,Athletics : Men's Javelin Throw,Ven33
ATHMJT003,ATH,8/08/2024,Athletics : Men's Javelin Throw,Ven33
ATHW4H001,ATH,8/08/2024,Athletics : Women's 400m Hurdles,Ven33
ATHW4H002,ATH,8/08/2024,Athletics : Women's 400m Hurdles,Ven33
ATHW4H003,ATH,8/08/2024,Athletics : Women's 400m Hurdles,Ven33
ATHWLJ001,ATH,8/08/2024,Athletics : Women's Long Jump,Ven33
ATHWLJ002,ATH,8/08/2024,Athletics : Women's Long Jump,Ven33
ATHWLJ003,ATH,8/08/2024,Athletics : Women's Long Jump,Ven33
BOXM5003,BOX,8/08/2024,Boxing : Men's 51kg,Ven27
BOXM5004,BOX,8/08/2024,Boxing : Men's 51kg,Ven27
BOXM5005,BOX,8/08/2024,Boxing : Men's 57kg,Ven27
BOXM5006,BOX,8/08/2024,Boxing : Men's 57kg,Ven27
BOXW5007,BOX,8/08/2024,Boxing : Women's 54kg,Ven27
BOXW5008,BOX,8/08/2024,Boxing : Women's 54kg,Ven27
BOXW7001,BOX,8/08/2024,Boxing : Women's 75kg,Ven27
BOXW7002,BOX,8/08/2024,Boxing : Women's 75kg,Ven27
CSPMCD001,CSP,8/08/2024,Canoe Sprint : Men's Canoe Double 500m,Ven34
CSPMCD002,CSP,8/08/2024,Canoe Sprint : Men's Canoe Double 500m,Ven34
CSPMCD003,CSP,8/08/2024,Canoe Sprint : Men's Canoe Double 500m,Ven34
CSPMKF001,CSP,8/08/2024,Canoe Sprint : Men's Kayak Four 500m,Ven34
CSPMKF002,CSP,8/08/2024,Canoe Sprint : Men's Kayak Four 500m,Ven34
CSPMKF003,CSP,8/08/2024,Canoe Sprint : Men's Kayak Four 500m,Ven34
CSPWKF001,CSP,8/08/2024,Canoe Sprint : Women's Kayak Four 500m,Ven34
CSPWKF002,CSP,8/08/2024,Canoe Sprint : Women's Kayak Four 500m,Ven34
CSPWKF003,CSP,8/08/2024,Canoe Sprint : Women's Kayak Four 500m,Ven34
CTRMO001,CTR,8/08/2024,Cycling Track : Men's Omnium,Ven29
CTRMO002,CTR,8/08/2024,Cycling Track : Men's Omnium,Ven29
CTRMO003,CTR,8/08/2024,Cycling Track : Men's Omnium,Ven29
CTRWK001,CTR,8/08/2024,Cycling Track : Women's Keirin,Ven29
CTRWK002,CTR,8/08/2024,Cycling Track : Women's Keirin,Ven29
CTRWK003,CTR,8/08/2024,Cycling Track : Women's Keirin,Ven29
DIVM3S001,DIV,8/08/2024,Diving : Men's 3m Springboard,Ven1
DIVM3S002,DIV,8/08/2024,Diving : Men's 3m Springboard,Ven1
DIVM3S003,DIV,8/08/2024,Diving : Men's 3m Springboard,Ven1
FBLM001,FBL,8/08/2024,Football : Men,Ven22
HOCM001,HOC,8/08/2024,Hockey : Men,Ven35
HOCM002,HOC,8/08/2024,Hockey : Men,Ven35
HOCM003,HOC,8/08/2024,Hockey : Men,Ven35
MTSW1001,MTS,8/08/2024,Marathon Swimming : Women's 10km,Ven25
MTSW1002,MTS,8/08/2024,Marathon Swimming : Women's 10km,Ven25
MTSW1003,MTS,8/08/2024,Marathon Swimming : Women's 10km,Ven25
SALMD004,SAL,8/08/2024,Sailing : Mixed Dinghy,Ven18
SALMD005,SAL,8/08/2024,Sailing : Mixed Dinghy,Ven18
SALMD006,SAL,8/08/2024,Sailing : Mixed Dinghy,Ven18
SALMM001,SAL,8/08/2024,Sailing : Mixed Multihull,Ven18
SALMM002,SAL,8/08/2024,Sailing : Mixed Multihull,Ven18
SALMM003,SAL,8/08/2024,Sailing : Mixed Multihull,Ven18
SALWK001,SAL,8/08/2024,Sailing : Women's Kite,Ven18
SALWK002,SAL,8/08/2024,Sailing : Women's Kite,Ven18
SALWK003,SAL,8/08/2024,Sailing : Women's Kite,Ven18
SPCMS001,SPC,8/08/2024,Sport Climbing : Men's Speed,Ven15
SPCMS002,SPC,8/08/2024,Sport Climbing : Men's Speed,Ven15
SPCMS003,SPC,8/08/2024,Sport Climbing : Men's Speed,Ven15
TAEMG005,TAE,8/08/2024,Taekwondo : Men -68kg,Ven10
TAEML006,TAE,8/08/2024,Taekwondo : Men -68kg,Ven10
TAEM6007,TAE,8/08/2024,Taekwondo : Men -68kg,Ven10
TAEMX008,TAE,8/08/2024,Taekwondo : Men -68kg,Ven10
TAEW4005,TAE,8/08/2024,Taekwondo : Women -57kg,Ven10
TAEWG006,TAE,8/08/2024,Taekwondo : Women -57kg,Ven10
TAEWF007,TAE,8/08/2024,Taekwondo : Women -57kg,Ven10
TAEW0008,TAE,8/08/2024,Taekwondo : Women -57kg,Ven10
WLIM7001,WLI,8/08/2024,Weightlifting : Men's 73kg,Ven30
WLIM7002,WLI,8/08/2024,Weightlifting : Men's 73kg,Ven30
WLIM7003,WLI,8/08/2024,Weightlifting : Men's 73kg,Ven30
WLIW5201,WLI,8/08/2024,Weightlifting : Women's 59kg,Ven30
WLIW5002,WLI,8/08/2024,Weightlifting : Women's 59kg,Ven30
WLIW5003,WLI,8/08/2024,Weightlifting : Women's 59kg,Ven30
WREMG6005,WRE,8/08/2024,Wrestling : Men's Greco-Roman 67kg,Ven4
WREMG6006,WRE,8/08/2024,Wrestling : Men's Greco-Roman 67kg,Ven4
WREMG6007,WRE,8/08/2024,Wrestling : Men's Greco-Roman 67kg,Ven4
WREMG6008,WRE,8/08/2024,Wrestling : Men's Greco-Roman 67kg,Ven4
WREMG8001,WRE,8/08/2024,Wrestling : Men's Greco-Roman 87kg,Ven4
WREMG8002,WRE,8/08/2024,Wrestling : Men's Greco-Roman 87kg,Ven4
WREMG8003,WRE,8/08/2024,Wrestling : Men's Greco-Roman 87kg,Ven4
WREMG8004,WRE,8/08/2024,Wrestling : Men's Greco-Roman 87kg,Ven4
WREWF5005,WRE,8/08/2024,Wrestling : Women's Freestyle 53kg,Ven4
WREWF5006,WRE,8/08/2024,Wrestling : Women's Freestyle 53kg,Ven4
WREWF5007,WRE,8/08/2024,Wrestling : Women's Freestyle 53kg,Ven4
WREWF5008,WRE,8/08/2024,Wrestling : Women's Freestyle 53kg,Ven4
ATHM4X001,ATH,9/08/2024,Athletics : Men's 4 x 100m Relay,Ven33
ATHM4X002,ATH,9/08/2024,Athletics : Men's 4 x 100m Relay,Ven33
ATHM4X003,ATH,9/08/2024,Athletics : Men's 4 x 100m Relay,Ven33
ATHM4H001,ATH,9/08/2024,Athletics : Men's 400m Hurdles,Ven33
ATHM4H002,ATH,9/08/2024,Athletics : Men's 400m Hurdles,Ven33
ATHM4H003,ATH,9/08/2024,Athletics : Men's 400m Hurdles,Ven33
ATHMTJ001,ATH,9/08/2024,Athletics : Men's Triple Jump,Ven33
ATHMTJ002,ATH,9/08/2024,Athletics : Men's Triple Jump,Ven33
ATHMTJ003,ATH,9/08/2024,Athletics : Men's Triple Jump,Ven33
ATHW1004,ATH,9/08/2024,"Athletics : Women's 10,000m",Ven33
ATHW1005,ATH,9/08/2024,"Athletics : Women's 10,000m",Ven33
ATHW1006,ATH,9/08/2024,"Athletics : Women's 10,000m",Ven33
ATHW4X001,ATH,9/08/2024,Athletics : Women's 4 x 100m Relay,Ven33
ATHW4X002,ATH,9/08/2024,Athletics : Women's 4 x 100m Relay,Ven33
ATHW4X003,ATH,9/08/2024,Athletics : Women's 4 x 100m Relay,Ven33
ATHW4001,ATH,9/08/2024,Athletics : Women's 400m,Ven33
ATHW4002,ATH,9/08/2024,Athletics : Women's 400m,Ven33
ATHW4003,ATH,9/08/2024,Athletics : Women's 400m,Ven33
ATHWSP001,ATH,9/08/2024,Athletics : Women's Shot Put,Ven33
ATHWSP002,ATH,9/08/2024,Athletics : Women's Shot Put,Ven33
ATHWSP003,ATH,9/08/2024,Athletics : Women's Shot Put,Ven33
VBVW001,VBV,9/08/2024,Beach Volleyball : Women,Ven7
VBVW002,VBV,9/08/2024,Beach Volleyball : Women,Ven7
VBVW003,VBV,9/08/2024,Beach Volleyball : Women,Ven7
BOXM7003,BOX,9/08/2024,Boxing : Men's 71kg,Ven27
BOXM7004,BOX,9/08/2024,Boxing : Men's 71kg,Ven27
BOXM9003,BOX,9/08/2024,Boxing : Men's 92kg,Ven27
BOXM9004,BOX,9/08/2024,Boxing : Men's 92kg,Ven27
BOXW5009,BOX,9/08/2024,Boxing : Women's 50kg,Ven27
BOXW5010,BOX,9/08/2024,Boxing : Women's 50kg,Ven27
BOXW6007,BOX,9/08/2024,Boxing : Women's 66kg,Ven27
BOXW6008,BOX,9/08/2024,Boxing : Women's 66kg,Ven27
BREB001,BRE,9/08/2024,Breaking : B-Girls,Ven14
BREB002,BRE,9/08/2024,Breaking : B-Girls,Ven14
BREB003,BRE,9/08/2024,Breaking : B-Girls,Ven14
CSPMCS001,CSP,9/08/2024,Canoe Sprint : Men's Canoe Single 1000m,Ven34
CSPMCS002,CSP,9/08/2024,Canoe Sprint : Men's Canoe Single 1000m,Ven34
CSPMCS003,CSP,9/08/2024,Canoe Sprint : Men's Canoe Single 1000m,Ven34
CSPMKD001,CSP,9/08/2024,Canoe Sprint : Men's Kayak Double 500m,Ven34
CSPMKD002,CSP,9/08/2024,Canoe Sprint : Men's Kayak Double 500m,Ven34
CSPMKD003,CSP,9/08/2024,Canoe Sprint : Men's Kayak Double 500m,Ven34
CSPWCD001,CSP,9/08/2024,Canoe Sprint : Women's Canoe Double 500m,Ven34
CSPWCD002,CSP,9/08/2024,Canoe Sprint : Women's Canoe Double 500m,Ven34
CSPWCD003,CSP,9/08/2024,Canoe Sprint : Women's Canoe Double 500m,Ven34
CSPWKD001,CSP,9/08/2024,Canoe Sprint : Women's Kayak Double 500m,Ven34
CSPWKD002,CSP,9/08/2024,Canoe Sprint : Women's Kayak Double 500m,Ven34
CSPWKD003,CSP,9/08/2024,Canoe Sprint : Women's Kayak Double 500m,Ven34
CSPWKD004,CSP,9/08/2024,Canoe Sprint : Women's Kayak Double 500m,Ven34
CTRMS001,CTR,9/08/2024,Cycling Track : Men's Sprint,Ven29
CTRMS002,CTR,9/08/2024,Cycling Track : Men's Sprint,Ven29
CTRMS003,CTR,9/08/2024,Cycling Track : Men's Sprint,Ven29
CTRWM001,CTR,9/08/2024,Cycling Track : Women's Madison,Ven29
CTRWM002,CTR,9/08/2024,Cycling Track : Women's Madison,Ven29
CTRWM003,CTR,9/08/2024,Cycling Track : Women's Madison,Ven29
DIVW3S001,DIV,9/08/2024,Diving : Women's 3m Springboard,Ven1
DIVW3S002,DIV,9/08/2024,Diving : Women's 3m Springboard,Ven1
DIVW3S003,DIV,9/08/2024,Diving : Women's 3m Springboard,Ven1
FBLM002,FBL,9/08/2024,Football : Men,Ven22
FBLM003,FBL,9/08/2024,Football : Men,Ven22
FBLW001,FBL,9/08/2024,Football : Women,Ven22
HOCW001,HOC,9/08/2024,Hockey : Women,Ven35
HOCW002,HOC,9/08/2024,Hockey : Women,Ven35
HOCW003,HOC,9/08/2024,Hockey : Women,Ven35
MTSM1001,MTS,9/08/2024,Marathon Swimming : Men's 10km,Ven25
MTSM1002,MTS,9/08/2024,Marathon Swimming : Men's 10km,Ven25
MTSM1003,MTS,9/08/2024,Marathon Swimming : Men's 10km,Ven25
SALMK001,SAL,9/08/2024,Sailing : Men's Kite,Ven18
SALMK002,SAL,9/08/2024,Sailing : Men's Kite,Ven18
SALMK003,SAL,9/08/2024,Sailing : Men's Kite,Ven18
SPCMBT001,SPC,9/08/2024,Sport Climbing : Men's Boulder & Lead,Ven15
SPCMB0002,SPC,9/08/2024,Sport Climbing : Men's Boulder & Lead,Ven15
SPCMBR003,SPC,9/08/2024,Sport Climbing : Men's Boulder & Lead,Ven15
TTEMT001,TTE,9/08/2024,Table Tennis : Men's Team,Ven30
TTEMT002,TTE,9/08/2024,Table Tennis : Men's Team,Ven30
TTEMT003,TTE,9/08/2024,Table Tennis : Men's Team,Ven30
TAEM6009,TAE,9/08/2024,Taekwondo : Men -80kg,Ven10
TAEMB010,TAE,9/08/2024,Taekwondo : Men -80kg,Ven10
TAEMO011,TAE,9/08/2024,Taekwondo : Men -80kg,Ven10
TAEMG012,TAE,9/08/2024,Taekwondo : Men -80kg,Ven10
TAEWP009,TAE,9/08/2024,Taekwondo : Women -67kg,Ven10
TAEW7010,TAE,9/08/2024,Taekwondo : Women -67kg,Ven10
TAEWS011,TAE,9/08/2024,Taekwondo : Women -67kg,Ven10
TAEW5012,TAE,9/08/2024,Taekwondo : Women -67kg,Ven10
VVOM001,VVO,9/08/2024,Volleyball : Men,Ven30
WLIM8001,WLI,9/08/2024,Weightlifting : Men's 89kg,Ven30
WLIM8002,WLI,9/08/2024,Weightlifting : Men's 89kg,Ven30
WLIM8003,WLI,9/08/2024,Weightlifting : Men's 89kg,Ven30
WLIW7001,WLI,9/08/2024,Weightlifting : Women's 71kg,Ven30
WLIW7002,WLI,9/08/2024,Weightlifting : Women's 71kg,Ven30
WLIW7003,WLI,9/08/2024,Weightlifting : Women's 71kg,Ven30
WREMF5001,WRE,9/08/2024,Wrestling : Men's Freestyle 57kg,Ven4
WREMF5002,WRE,9/08/2024,Wrestling : Men's Freestyle 57kg,Ven4
WREMF5003,WRE,9/08/2024,Wrestling : Men's Freestyle 57kg,Ven4
WREMF5004,WRE,9/08/2024,Wrestling : Men's Freestyle 57kg,Ven4
WREMF8001,WRE,9/08/2024,Wrestling : Men's Freestyle 86kg,Ven4
WREMF8002,WRE,9/08/2024,Wrestling : Men's Freestyle 86kg,Ven4
WREMF8003,WRE,9/08/2024,Wrestling : Men's Freestyle 86kg,Ven4
WREMF8004,WRE,9/08/2024,Wrestling : Men's Freestyle 86kg,Ven4
WREWF5009,WRE,9/08/2024,Wrestling : Women's Freestyle 57kg,Ven4
WREWF5010,WRE,9/08/2024,Wrestling : Women's Freestyle 57kg,Ven4
WREWF5011,WRE,9/08/2024,Wrestling : Women's Freestyle 57kg,Ven4
WREWF5012,WRE,9/08/2024,Wrestling : Women's Freestyle 57kg,Ven4
SWAD001,SWA,10/08/2024,Artistic Swimming : Duet,Ven1
SWAD002,SWA,10/08/2024,Artistic Swimming : Duet,Ven1
SWAD003,SWA,10/08/2024,Artistic Swimming : Duet,Ven1
ATHM4X004,ATH,10/08/2024,Athletics : Men's 4 x 400m Relay,Ven33
ATHM4X005,ATH,10/08/2024,Athletics : Men's 4 x 400m Relay,Ven33
ATHM4X006,ATH,10/08/2024,Athletics : Men's 4 x 400m Relay,Ven33
ATHM5001,ATH,10/08/2024,Athletics : Men's 5000m,Ven33
ATHM5002,ATH,10/08/2024,Athletics : Men's 5000m,Ven33
ATHM5003,ATH,10/08/2024,Athletics : Men's 5000m,Ven33
ATHM8001,ATH,10/08/2024,Athletics : Men's 800m,Ven33
ATHM8002,ATH,10/08/2024,Athletics : Men's 800m,Ven33
ATHM8003,ATH,10/08/2024,Athletics : Men's 800m,Ven33
ATHMHJ001,ATH,10/08/2024,Athletics : Men's High Jump,Ven33
ATHMHJ002,ATH,10/08/2024,Athletics : Men's High Jump,Ven33
ATHMHJ003,ATH,10/08/2024,Athletics : Men's High Jump,Ven33
ATHMM001,ATH,10/08/2024,Athletics : Men's Marathon,Ven33
ATHMM002,ATH,10/08/2024,Athletics : Men's Marathon,Ven33
ATHMM003,ATH,10/08/2024,Athletics : Men's Marathon,Ven33
ATHW1H001,ATH,10/08/2024,Athletics : Women's 100m Hurdles,Ven33
ATHW1H002,ATH,10/08/2024,Athletics : Women's 100m Hurdles,Ven33
ATHW1H003,ATH,10/08/2024,Athletics : Women's 100m Hurdles,Ven33
ATHW1007,ATH,10/08/2024,Athletics : Women's 1500m,Ven33
ATHW1008,ATH,10/08/2024,Athletics : Women's 1500m,Ven33
ATHW1009,ATH,10/08/2024,Athletics : Women's 1500m,Ven33
ATHW4X004,ATH,10/08/2024,Athletics : Women's 4 x 400m Relay,Ven33
ATHW4X005,ATH,10/08/2024,Athletics : Women's 4 x 400m Relay,Ven33
ATHW4X006,ATH,10/08/2024,Athletics : Women's 4 x 400m Relay,Ven33
ATHWJT001,ATH,10/08/2024,Athletics : Women's Javelin Throw,Ven33
ATHWJT002,ATH,10/08/2024,Athletics : Women's Javelin Throw,Ven33
ATHWJT003,ATH,10/08/2024,Athletics : Women's Javelin Throw,Ven33
BKBM001,BKB,10/08/2024,Basketball : Men,Ven24
BKBM002,BKB,10/08/2024,Basketball : Men,Ven24
BKBM003,BKB,10/08/2024,Basketball : Men,Ven24
VBVM001,VBV,10/08/2024,Beach Volleyball : Men,Ven7
VBVM002,VBV,10/08/2024,Beach Volleyball : Men,Ven7
VBVM003,VBV,10/08/2024,Beach Volleyball : Men,Ven7
BOXM0003,BOX,10/08/2024,Boxing : Men's +92kg,Ven27
BOXMW004,BOX,10/08/2024,Boxing : Men's +92kg,Ven27
BOXM5007,BOX,10/08/2024,Boxing : Men's 57kg,Ven27
BOXM5008,BOX,10/08/2024,Boxing : Men's 57kg,Ven27
BOXW5011,BOX,10/08/2024,Boxing : Women's 57kg,Ven27
BOXW5012,BOX,10/08/2024,Boxing : Women's 57kg,Ven27
BOXW7003,BOX,10/08/2024,Boxing : Women's 75kg,Ven27
BOXW7004,BOX,10/08/2024,Boxing : Women's 75kg,Ven27
BREB004,BRE,10/08/2024,Breaking : B-Boys,Ven14
BREB005,BRE,10/08/2024,Breaking : B-Boys,Ven14
BREB006,BRE,10/08/2024,Breaking : B-Boys,Ven14
CSPMKS001,CSP,10/08/2024,Canoe Sprint : Men's Kayak Single 1000m,Ven34
CSPMKS002,CSP,10/08/2024,Canoe Sprint : Men's Kayak Single 1000m,Ven34
CSPMKS003,CSP,10/08/2024,Canoe Sprint : Men's Kayak Single 1000m,Ven34
CSPWCS001,CSP,10/08/2024,Canoe Sprint : Women's Canoe Single 200m,Ven34
CSPWCS002,CSP,10/08/2024,Canoe Sprint : Women's Canoe Single 200m,Ven34
CSPWCS003,CSP,10/08/2024,Canoe Sprint : Women's Canoe Single 200m,Ven34
CSPWKS001,CSP,10/08/2024,Canoe Sprint : Women's Kayak Single 500m,Ven34
CSPWKS002,CSP,10/08/2024,Canoe Sprint : Women's Kayak Single 500m,Ven34
CSPWKS003,CSP,10/08/2024,Canoe Sprint : Women's Kayak Single 500m,Ven34
CTRMM001,CTR,10/08/2024,Cycling Track : Men's Madison,Ven29
CTRMM002,CTR,10/08/2024,Cycling Track : Men's Madison,Ven29
CTRMM003,CTR,10/08/2024,Cycling Track : Men's Madison,Ven29
DIVM1P001,DIV,10/08/2024,Diving : Men's 10m Platform,Ven1
DIVM1P002,DIV,10/08/2024,Diving : Men's 10m Platform,Ven1
DIVM1P003,DIV,10/08/2024,Diving : Men's 10m Platform,Ven1
FBLW002,FBL,10/08/2024,Football : Women,Ven22
FBLW003,FBL,10/08/2024,Football : Women,Ven22
GOLWIS001,GOL,10/08/2024,Golf : Women's Individual Stroke Play,Ven16
GOLWIS002,GOL,10/08/2024,Golf : Women's Individual Stroke Play,Ven16
GOLWIS003,GOL,10/08/2024,Golf : Women's Individual Stroke Play,Ven16
HBLW001,HBL,10/08/2024,Handball : Women,Ven30
HBLW002,HBL,10/08/2024,Handball : Women,Ven30
HBLW003,HBL,10/08/2024,Handball : Women,Ven30
MDPMI001,MDP,10/08/2024,Modern Pentathlon : Men's Individual,Ven21
MDPMI002,MDP,10/08/2024,Modern Pentathlon : Men's Individual,Ven21
MDPMI003,MDP,10/08/2024,Modern Pentathlon : Men's Individual,Ven21
SPCWBX001,SPC,10/08/2024,Sport Climbing : Women's Boulder & Lead,Ven15
SPCWBI002,SPC,10/08/2024,Sport Climbing : Women's Boulder & Lead,Ven15
SPCWBC003,SPC,10/08/2024,Sport Climbing : Women's Boulder & Lead,Ven15
TTEWT001,TTE,10/08/2024,Table Tennis : Women's Team,Ven30
TTEWT002,TTE,10/08/2024,Table Tennis : Women's Team,Ven30
TTEWT003,TTE,10/08/2024,Table Tennis : Women's Team,Ven30
TAEMA001,TAE,10/08/2024,Taekwondo : Men +80kg,Ven10
TAEM6002,TAE,10/08/2024,Taekwondo : Men +80kg,Ven10
TAEM5003,TAE,10/08/2024,Taekwondo : Men +80kg,Ven10
TAEMT004,TAE,10/08/2024,Taekwondo : Men +80kg,Ven10
TAEWO001,TAE,10/08/2024,Taekwondo : Women +67kg,Ven10
TAEWV002,TAE,10/08/2024,Taekwondo : Women +67kg,Ven10
TAEWA003,TAE,10/08/2024,Taekwondo : Women +67kg,Ven10
TAEWT004,TAE,10/08/2024,Taekwondo : Women +67kg,Ven10
VVOM002,VVO,10/08/2024,Volleyball : Men,Ven30
VVOM003,VVO,10/08/2024,Volleyball : Men,Ven30
VVOW001,VVO,10/08/2024,Volleyball : Women,Ven30
WPOW001,WPO,10/08/2024,Water Polo : Women,Ven23
WPOW002,WPO,10/08/2024,Water Polo : Women,Ven23
WPOW003,WPO,10/08/2024,Water Polo : Women,Ven23
WLIMA001,WLI,10/08/2024,Weightlifting : Men's +102kg,Ven30
WLIMV002,WLI,10/08/2024,Weightlifting : Men's +102kg,Ven30
WLIMS003,WLI,10/08/2024,Weightlifting : Men's +102kg,Ven30
WLIM1001,WLI,10/08/2024,Weightlifting : Men's 102kg,Ven30
WLIM1002,WLI,10/08/2024,Weightlifting : Men's 102kg,Ven30
WLIM1003,WLI,10/08/2024,Weightlifting : Men's 102kg,Ven30
WLIW8001,WLI,10/08/2024,Weightlifting : Women's 81kg,Ven30
WLIW8002,WLI,10/08/2024,Weightlifting : Women's 81kg,Ven30
WLIW8003,WLI,10/08/2024,Weightlifting : Women's 81kg,Ven30
WREMF1001,WRE,10/08/2024,Wrestling : Men's Freestyle 125kg,Ven4
WREMF1002,WRE,10/08/2024,Wrestling : Men's Freestyle 125kg,Ven4
WREMF1003,WRE,10/08/2024,Wrestling : Men's Freestyle 125kg,Ven4
WREMF1004,WRE,10/08/2024,Wrestling : Men's Freestyle 125kg,Ven4
WREMF7001,WRE,10/08/2024,Wrestling : Men's Freestyle 74kg,Ven4
WREMF7002,WRE,10/08/2024,Wrestling : Men's Freestyle 74kg,Ven4
WREMF7003,WRE,10/08/2024,Wrestling : Men's Freestyle 74kg,Ven4
WREMF7004,WRE,10/08/2024,Wrestling : Men's Freestyle 74kg,Ven4
WREWF6005,WRE,10/08/2024,Wrestling : Women's Freestyle 62kg,Ven4
WREWF6006,WRE,10/08/2024,Wrestling : Women's Freestyle 62kg,Ven4
WREWF6007,WRE,10/08/2024,Wrestling : Women's Freestyle 62kg,Ven4
WREWF6008,WRE,10/08/2024,Wrestling : Women's Freestyle 62kg,Ven4
ATHWM001,ATH,11/08/2024,Athletics : Women's Marathon,Ven33
ATHWM002,ATH,11/08/2024,Athletics : Women's Marathon,Ven33
ATHWM003,ATH,11/08/2024,Athletics : Women's Marathon,Ven33
BKBW001,BKB,11/08/2024,Basketball : Women,Ven24
BKBW002,BKB,11/08/2024,Basketball : Women,Ven24
BKBW003,BKB,11/08/2024,Basketball : Women,Ven24
CTRMK001,CTR,11/08/2024,Cycling Track : Men's Keirin,Ven29
CTRMK002,CTR,11/08/2024,Cycling Track : Men's Keirin,Ven29
CTRMK003,CTR,11/08/2024,Cycling Track : Men's Keirin,Ven29
CTRWO001,CTR,11/08/2024,Cycling Track : Women's Omnium,Ven29
CTRWO002,CTR,11/08/2024,Cycling Track : Women's Omnium,Ven29
CTRWO003,CTR,11/08/2024,Cycling Track : Women's Omnium,Ven29
CTRWS001,CTR,11/08/2024,Cycling Track : Women's Sprint,Ven29
CTRWS002,CTR,11/08/2024,Cycling Track : Women's Sprint,Ven29
CTRWS003,CTR,11/08/2024,Cycling Track : Women's Sprint,Ven29
HBLM001,HBL,11/08/2024,Handball : Men,Ven30
HBLM002,HBL,11/08/2024,Handball : Men,Ven30
HBLM003,HBL,11/08/2024,Handball : Men,Ven30
MDPWI001,MDP,11/08/2024,Modern Pentathlon : Women's Individual,Ven21
MDPWI002,MDP,11/08/2024,Modern Pentathlon : Women's Individual,Ven21
MDPWI003,MDP,11/08/2024,Modern Pentathlon : Women's Individual,Ven21
VVOW002,VVO,11/08/2024,Volleyball : Women,Ven30
VVOW003,VVO,11/08/2024,Volleyball : Women,Ven30
WPOM001,WPO,11/08/2024,Water Polo : Men,Ven23
WPOM002,WPO,11/08/2024,Water Polo : Men,Ven23
WPOM003,WPO,11/08/2024,Water Polo : Men,Ven23
WLIW5001,WLI,11/08/2024,Weightlifting : Women's +81kg,Ven30
WLIWV002,WLI,11/08/2024,Weightlifting : Women's +81kg,Ven30
WLIWI003,WLI,11/08/2024,Weightlifting : Women's +81kg,Ven30
WREMF6001,WRE,11/08/2024,Wrestling : Men's Freestyle 65kg,Ven4
WREMF6002,WRE,11/08/2024,Wrestling : Men's Freestyle 65kg,Ven4
WREMF6003,WRE,11/08/2024,Wrestling : Men's Freestyle 65kg,Ven4
WREMF6004,WRE,11/08/2024,Wrestling : Men's Freestyle 65kg,Ven4
WREMF9001,WRE,11/08/2024,Wrestling : Men's Freestyle 97kg,Ven4
WREMF9002,WRE,11/08/2024,Wrestling : Men's Freestyle 97kg,Ven4
WREMF9003,WRE,11/08/2024,Wrestling : Men's Freestyle 97kg,Ven4
WREMF9004,WRE,11/08/2024,Wrestling : Men's Freestyle 97kg,Ven4
WREWF7001,WRE,11/08/2024,Wrestling : Women's Freestyle 76kg,Ven4
WREWF7002,WRE,11/08/2024,Wrestling : Women's Freestyle 76kg,Ven4
WREWF7003,WRE,11/08/2024,Wrestling : Women's Freestyle 76kg,Ven4
WREWF7004,WRE,11/08/2024,Wrestling : Women's Freestyle 76kg,Ven4
GRYGA001,GRY,10/08/2024,Rhythmic Gymnastics : Group All-Around,Ven26
GRYGA002,GRY,10/08/2024,Rhythmic Gymnastics : Group All-Around,Ven26
GRYGA003,GRY,10/08/2024,Rhythmic Gymnastics : Group All-Around,Ven26
GRYIA001,GRY,9/08/2024,Rhythmic Gymnastics : Individual All-Around,Ven26
GRYIA002,GRY,9/08/2024,Rhythmic Gymnastics : Individual All-Around,Ven26
GRYIA003,GRY,9/08/2024,Rhythmic Gymnastics : Individual All-Around,Ven26
ATHWH001,ATH,9/08/2024,Athletics : Women's Heptathlon,Ven33
ATHWH002,ATH,9/08/2024,Athletics : Women's Heptathlon,Ven33
ATHWH003,ATH,9/08/2024,Athletics : Women's Heptathlon,Ven33
