medals_id,medal_code,medal_type,event_id,winner_id,winner_type
med1,2,Silver Medal,WREMG9002,1532872,Athlete
med2,3,Bronze Medal,WREMG7003,1532873,Athlete
med3,2,Silver Medal,BOXM7004,1535187,Athlete
med4,3,Bronze Medal,DIVM3S003,1535349,Athlete
med5,3,Bronze Medal,WREWF7004,1535513,Athlete
med6,3,Bronze Medal,SALMK003,1535852,Athlete
med7,1,Gold Medal,TAEMA001,1536045,Athlete
med8,2,Silver Medal,TAEMB010,1536058,Athlete
med9,3,Bronze Medal,TAEWQ003,1536064,Athlete
med10,2,Silver Medal,TAEWG006,1536067,Athlete
med11,2,Silver Medal,ATHW8002,1536498,Athlete
med12,2,Silver Medal,ATHWTJ002,1536885,Athlete
med13,3,Bronze Medal,ATHW1H003,1537183,Athlete
med14,3,Bronze Medal,WREMF6003,1537188,Athlete
med15,2,Silver Medal,JUDW9K014,1537287,Athlete
med16,1,Gold Medal,ATHW1001,1537325,Athlete
med17,2,Silver Medal,ATHW2002,1537325,Athlete
med18,2,Silver Medal,TAEML006,1537401,Athlete
med19,3,Bronze Medal,SHO5R3003,1538084,Athlete
med20,2,Silver Medal,ROWMSS002,1538160,Athlete
med21,1,Gold Medal,SWMM8F001,1539969,Athlete
med22,3,Bronze Medal,SWMM1F006,1539969,Athlete
med23,1,Gold Medal,WREMF9001,1540305,Athlete
med24,3,Bronze Medal,WLIMS003,1540334,Athlete
med25,1,Gold Medal,BOXW6007,1540353,Athlete
med26,3,Bronze Medal,ARCWI003,1541265,Athlete
med27,2,Silver Medal,WREMF1002,1543088,Athlete
med28,3,Bronze Medal,WREMF9004,1543095,Athlete
med29,3,Bronze Medal,SWMW1B006,1543304,Athlete
med30,2,Silver Medal,WLIM8002,1543506,Athlete
med31,2,Silver Medal,WLIW7002,1543509,Athlete
med32,1,Gold Medal,SWMM2F001,1543549,Athlete
med33,3,Bronze Medal,SWMM1F003,1543549,Athlete
med34,1,Gold Medal,TRIWI001,1543963,Athlete
med35,3,Bronze Medal,TRIMI003,1543967,Athlete
med36,3,Bronze Medal,SKBWP003,1544123,Athlete
med37,3,Bronze Medal,WLIWI003,1544179,Athlete
med38,1,Gold Medal,SPCMBT001,1544218,Athlete
med39,2,Silver Medal,WLIMV002,1544424,Athlete
med40,2,Silver Medal,WREMF8002,1544803,Athlete
med41,2,Silver Medal,WREMF6002,1544830,Athlete
med42,2,Silver Medal,WREMG8002,1544880,Athlete
med43,3,Bronze Medal,WREMG1003,1544882,Athlete
med44,1,Gold Medal,WREMG9001,1544897,Athlete
med45,1,Gold Medal,WREMG6005,1544928,Athlete
med46,2,Silver Medal,MDPWI002,1545116,Athlete
med47,3,Bronze Medal,TAEMT004,1548401,Athlete
med48,2,Silver Medal,GRYIA002,1548948,Athlete
med49,3,Bronze Medal,WREMG8003,1550116,Athlete
med50,2,Silver Medal,WREMG6006,1550119,Athlete
med51,2,Silver Medal,WLIW4002,1550148,Athlete
med52,2,Silver Medal,JUDWTK006,1550162,Athlete
med53,3,Bronze Medal,JUDWGK016,1550167,Athlete
med54,3,Bronze Medal,BOXM6022,1550184,Athlete
med55,2,Silver Medal,ATHMJT002,1550250,Athlete
med56,3,Bronze Medal,CSPMCS003,1550295,Athlete
med57,1,Gold Medal,CNSMKS001,1550975,Athlete
med58,2,Silver Medal,WLIM1002,1551307,Athlete
med59,3,Bronze Medal,SHO1AP003,1551387,Athlete
med60,2,Silver Medal,SHO1AP002,1551388,Athlete
med61,1,Gold Medal,WLIMA001,1551443,Athlete
med62,3,Bronze Medal,ATHMTJ003,1552375,Athlete
med63,3,Bronze Medal,ATHMLJ003,1552378,Athlete
med64,2,Silver Medal,WREMF9002,1552495,Athlete
med65,3,Bronze Medal,MDPMI003,1553031,Athlete
med66,1,Gold Medal,WREMF1001,1554885,Athlete
med67,2,Silver Medal,TENWS003,1554972,Athlete
med68,1,Gold Medal,BOXW6003,1555098,Athlete
med69,3,Bronze Medal,BOXM5006,1555185,Athlete
med70,1,Gold Medal,ATHM3S001,1555372,Athlete
med71,1,Gold Medal,BOXM6003,1555537,Athlete
med72,3,Bronze Medal,BOXM8002,1555548,Athlete
med73,1,Gold Medal,BOXM5003,1556045,Athlete
med74,1,Gold Medal,BOXM5007,1556049,Athlete
med75,1,Gold Medal,BOXM7003,1556797,Athlete
med76,1,Gold Medal,BOXM9003,1556860,Athlete
med77,1,Gold Medal,BOXM0003,1556869,Athlete
med78,1,Gold Medal,WREMF8001,1556873,Athlete
med79,3,Bronze Medal,WREMF6004,1559387,Athlete
med80,1,Gold Medal,WREMG8001,1559471,Athlete
med81,2,Silver Medal,SALWK002,1559512,Athlete
med82,3,Bronze Medal,SPCWBC003,1560673,Athlete
med83,3,Bronze Medal,SPCMBR003,1560677,Athlete
med84,3,Bronze Medal,JUDMSK008,1561138,Athlete
med85,3,Bronze Medal,WREMF5004,1562157,Athlete
med86,1,Gold Medal,WREMF7001,1562164,Athlete
med87,3,Bronze Medal,TENMS001,1562400,Athlete
med88,2,Silver Medal,WLIW8002,1563010,Athlete
med89,3,Bronze Medal,SPCWS003,1563321,Athlete
med90,1,Gold Medal,SPCWS001,1563327,Athlete
med91,2,Silver Medal,TTEMS002,1563390,Athlete
med92,3,Bronze Medal,JUDMOK011,1563437,Athlete
med93,3,Bronze Medal,JUDM4K004,1563544,Athlete
med94,2,Silver Medal,TENMS003,1563682,Athlete
med95,3,Bronze Medal,CYMWC003,1564023,Athlete
med96,3,Bronze Medal,ATHMSP003,1564189,Athlete
med97,1,Gold Medal,BOXM8003,1564362,Athlete
med98,3,Bronze Medal,CSPWCS003,1564506,Athlete
med99,1,Gold Medal,SALMK001,1566437,Athlete
med100,3,Bronze Medal,WREMG9004,1566601,Athlete
med101,3,Bronze Medal,BDMMS003,1566617,Athlete
med102,3,Bronze Medal,WREMG7004,1566627,Athlete
med103,3,Bronze Medal,WREMG6003,1566631,Athlete
med104,3,Bronze Medal,ATHMHJ003,1566681,Athlete
med105,3,Bronze Medal,TAEWT004,1566738,Athlete
med106,3,Bronze Medal,SURW003,1567359,Athlete
med107,1,Gold Medal,SURM001,1567361,Athlete
med108,3,Bronze Medal,JUDM1K003,1567512,Athlete
med109,2,Silver Medal,BOXW5010,1568182,Athlete
med110,2,Silver Medal,BOXW5008,1568186,Athlete
med111,3,Bronze Medal,BOXW5005,1568204,Athlete
med112,2,Silver Medal,WREWF6002,1568241,Athlete
med113,2,Silver Medal,CSPWKS002,1568350,Athlete
med114,2,Silver Medal,BOXW5012,1568655,Athlete
med115,3,Bronze Medal,WLIM8003,1568724,Athlete
med116,1,Gold Medal,ATHMPV001,1569203,Athlete
med117,3,Bronze Medal,WLIW5003,1569563,Athlete
med118,3,Bronze Medal,WLIM1003,1569832,Athlete
med119,3,Bronze Medal,SHOSM003,1569852,Athlete
med120,3,Bronze Medal,CSPMKS003,1569972,Athlete
med121,3,Bronze Medal,TAEWY004,1569986,Athlete
med122,3,Bronze Medal,WREWF6003,1570415,Athlete
med123,3,Bronze Medal,WREMF1003,1570546,Athlete
med124,3,Bronze Medal,JUDM5K016,1570561,Athlete
med125,2,Silver Medal,CSPMKS002,1570863,Athlete
med126,3,Bronze Medal,WREMG6008,1571498,Athlete
med127,3,Bronze Medal,WREMG9003,1571504,Athlete
med128,1,Gold Medal,WREMG1001,1571506,Athlete
med129,1,Gold Medal,ATHWHJ001,1571559,Athlete
med130,3,Bronze Medal,ATHMHT003,1571563,Athlete
med131,3,Bronze Medal,ATHWHJ003,1571577,Athlete
med132,2,Silver Medal,WREWF5002,1571747,Athlete
med133,3,Bronze Medal,JUDWJK004,1571911,Athlete
med134,3,Bronze Medal,WREWF7003,1571936,Athlete
med135,2,Silver Medal,WREWF5010,1572203,Athlete
med136,1,Gold Medal,TAEWP009,1572318,Athlete
med137,1,Gold Medal,SWMW1F001,1572557,Athlete
med138,1,Gold Medal,SWMW5F001,1572557,Athlete
med139,2,Silver Medal,CTRWO002,1572953,Athlete
med140,3,Bronze Medal,ATHW4003,1573098,Athlete
med141,3,Bronze Medal,ATHMD003,1573388,Athlete
med142,3,Bronze Medal,ATHMJT003,1573418,Athlete
med143,3,Bronze Medal,MDPWI003,1786902,Athlete
med144,1,Gold Medal,ATHMD001,1878353,Athlete
med145,1,Gold Medal,ATHMJT001,1878563,Athlete
med146,3,Bronze Medal,SALWD003,1878602,Athlete
med147,1,Gold Medal,WLIW8001,1878625,Athlete
med148,3,Bronze Medal,WREWF6008,1878635,Athlete
med149,2,Silver Medal,BOXM5008,1878687,Athlete
med150,1,Gold Medal,CSPMKS001,1878715,Athlete
med151,1,Gold Medal,CSPMCS001,1878716,Athlete
med152,2,Silver Medal,BOXM5004,1879110,Athlete
med153,2,Silver Medal,BOXM6004,1879111,Athlete
med154,3,Bronze Medal,BOXM6002,1879120,Athlete
med155,3,Bronze Medal,WREMG8004,1879518,Athlete
med156,2,Silver Medal,BREB005,1880191,Athlete
med157,2,Silver Medal,CNSMKS002,1880464,Athlete
med158,1,Gold Medal,CNSMCS001,1880479,Athlete
med159,2,Silver Medal,CNSWKC002,1880483,Athlete
med160,1,Gold Medal,TAEMG005,1887714,Athlete
med161,2,Silver Medal,TAEWV002,1887768,Athlete
med162,2,Silver Medal,MDPMI002,1887939,Athlete
med163,1,Gold Medal,BOXW5011,1887963,Athlete
med164,3,Bronze Medal,BOXW6001,1887970,Athlete
med165,3,Bronze Medal,BOXW6006,1887975,Athlete
med166,1,Gold Medal,BDMMS001,1888993,Athlete
med167,3,Bronze Medal,TTEMS003,1889177,Athlete
med168,2,Silver Medal,CTRWS002,1889704,Athlete
med169,3,Bronze Medal,JUDWWK023,1891067,Athlete
med170,1,Gold Medal,BDMWS002,1891498,Athlete
med171,2,Silver Medal,DIVM1P002,1891685,Athlete
med172,3,Bronze Medal,BOXW5002,1891890,Athlete
med173,2,Silver Medal,SPCMB0002,1892022,Athlete
med174,3,Bronze Medal,ATHWJT003,1892137,Athlete
med175,3,Bronze Medal,CSPWKS003,1892423,Athlete
med176,3,Bronze Medal,BOXM5002,1892464,Athlete
med177,2,Silver Medal,GOLWIS002,1892506,Athlete
med178,1,Gold Medal,TAEWO001,1893272,Athlete
med179,3,Bronze Medal,TAEM4003,1893274,Athlete
med180,1,Gold Medal,SHO2PW001,1893995,Athlete
med181,2,Silver Medal,ATHM4H002,1894095,Athlete
med182,2,Silver Medal,WLIWV002,1894414,Athlete
med183,3,Bronze Medal,BOXW7002,1894537,Athlete
med184,2,Silver Medal,SALWD002,1895121,Athlete
med185,3,Bronze Medal,ATHWH003,1895596,Athlete
med186,2,Silver Medal,CYBM002,1895640,Athlete
med187,1,Gold Medal,CYBM001,1895661,Athlete
med188,1,Gold Medal,CYMWC001,1895672,Athlete
med189,3,Bronze Medal,CYFMP003,1895685,Athlete
med190,2,Silver Medal,CYMMC002,1895687,Athlete
med191,3,Bronze Medal,CYCMRR003,1895694,Athlete
med192,2,Silver Medal,CYCMRR002,1895699,Athlete
med193,3,Bronze Medal,CYBM003,1895700,Athlete
med194,1,Gold Medal,CTRMO001,1895717,Athlete
med195,3,Bronze Medal,BOXM0001,1895903,Athlete
med196,2,Silver Medal,CNSMCS002,1896030,Athlete
med197,2,Silver Medal,CNSMKC002,1896032,Athlete
med198,3,Bronze Medal,CNSWKS003,1896045,Athlete
med199,3,Bronze Medal,CNSWKC003,1896045,Athlete
med200,2,Silver Medal,TAEM6002,1896149,Athlete
med201,1,Gold Medal,GRYIA001,1896230,Athlete
med202,2,Silver Medal,WREWF6006,1897022,Athlete
med203,3,Bronze Medal,TAEM5003,1897088,Athlete
med204,3,Bronze Medal,FENWSI003,1897644,Athlete
med205,3,Bronze Medal,WLIW4003,1898024,Athlete
med206,2,Silver Medal,WLIM6002,1898059,Athlete
med207,2,Silver Medal,WLIM7002,1898067,Athlete
med208,1,Gold Medal,ATHM5001,1898250,Athlete
med209,3,Bronze Medal,BOXW6005,1898283,Athlete
med210,1,Gold Medal,JUDWDK017,1898499,Athlete
med211,1,Gold Medal,SALWW001,1899653,Athlete
med212,1,Gold Medal,ATHW4001,1899666,Athlete
med213,1,Gold Medal,SALWK001,1899728,Athlete
med214,3,Bronze Medal,SALWW003,1899748,Athlete
med215,3,Bronze Medal,DIVM1P003,1900857,Athlete
med216,3,Bronze Medal,ATHM1H003,1901251,Athlete
med217,1,Gold Medal,ATHMM001,1901284,Athlete
med218,2,Silver Medal,ATHWM002,1901487,Athlete
med219,1,Gold Medal,DIVW3S001,1901538,Athlete
med220,3,Bronze Medal,DIVW3S003,1901539,Athlete
med221,2,Silver Medal,DIVW1P002,1901544,Athlete
med222,1,Gold Medal,DIVW1P001,1901545,Athlete
med223,2,Silver Medal,DIVM3S002,1901549,Athlete
med224,1,Gold Medal,DIVM3S001,1901550,Athlete
med225,1,Gold Medal,DIVM1P001,1901556,Athlete
med226,1,Gold Medal,SKBWS001,1902055,Athlete
med227,2,Silver Medal,SKBWS002,1902069,Athlete
med228,2,Silver Medal,SKBWP002,1902075,Athlete
med229,1,Gold Medal,SKBMS001,1902081,Athlete
med230,1,Gold Medal,ARCMI001,1902135,Athlete
med231,3,Bronze Medal,ARCMI003,1902144,Athlete
med232,1,Gold Medal,ARCWI001,1902147,Athlete
med233,2,Silver Medal,ARCWI002,1902148,Athlete
med234,1,Gold Medal,TTEMS001,1902295,Athlete
med235,1,Gold Medal,TTEWS001,1902307,Athlete
med236,2,Silver Medal,TTEWS002,1902313,Athlete
med237,3,Bronze Medal,WREWF6007,1902786,Athlete
med238,3,Bronze Medal,WLIM7003,1902787,Athlete
med239,1,Gold Medal,TAEWU001,1902841,Athlete
med240,1,Gold Medal,WLIM8001,1903011,Athlete
med241,1,Gold Medal,ATHWH001,1903112,Athlete
med242,1,Gold Medal,CYCMIT001,1903136,Athlete
med243,1,Gold Medal,CYCMRR001,1903136,Athlete
med244,3,Bronze Medal,CYCMIT003,1903147,Athlete
med245,3,Bronze Medal,JUDWBK020,1903248,Athlete
med246,3,Bronze Medal,TAEW5012,1903284,Athlete
med247,2,Silver Medal,SWMM5F002,1903616,Athlete
med248,2,Silver Medal,SWMM2F002,1903617,Athlete
med249,2,Silver Medal,SWMM2I002,1903621,Athlete
med250,1,Gold Medal,TAEW4005,1904038,Athlete
med251,3,Bronze Medal,TAEWA003,1904039,Athlete
med252,1,Gold Medal,TAEM8001,1904040,Athlete
med253,1,Gold Medal,ATHMTJ001,1904099,Athlete
med254,3,Bronze Medal,ATHM2R003,1904165,Athlete
med255,3,Bronze Medal,TRIWI003,1904244,Athlete
med256,1,Gold Medal,TRIMI001,1904251,Athlete
med257,1,Gold Medal,SHOTM001,1904430,Athlete
med258,1,Gold Medal,TLGW001,1904745,Athlete
med259,1,Gold Medal,SWMM2B007,1904977,Athlete
med260,2,Silver Medal,SALMD002,1905347,Athlete
med261,2,Silver Medal,ATHW2R002,1905369,Athlete
med262,2,Silver Medal,SWMM2B005,1905860,Athlete
med263,1,Gold Medal,SWMM1B007,1905860,Athlete
med264,1,Gold Medal,ROWMSS001,1906515,Athlete
med265,3,Bronze Medal,SWMW1F006,1907171,Athlete
med266,1,Gold Medal,SWMM4F001,1907192,Athlete
med267,1,Gold Medal,ATHWTJ001,1908333,Athlete
med268,3,Bronze Medal,BOXM5001,1908817,Athlete
med269,3,Bronze Medal,BOXM9002,1909011,Athlete
med270,1,Gold Medal,MTSM1001,1909030,Athlete
med271,2,Silver Medal,SWMW1F005,1909209,Athlete
med272,3,Bronze Medal,SWMM5F003,1909292,Athlete
med273,1,Gold Medal,SWMM4I001,1909294,Athlete
med274,1,Gold Medal,SWMM2B001,1909294,Athlete
med275,1,Gold Medal,SWMM2B004,1909294,Athlete
med276,1,Gold Medal,SWMM2I001,1909294,Athlete
med277,3,Bronze Medal,BREB003,1909907,Athlete
med278,3,Bronze Medal,TAEM6007,1910367,Athlete
med279,2,Silver Medal,TAEW1002,1910372,Athlete
med280,1,Gold Medal,ATHM8001,1910412,Athlete
med281,3,Bronze Medal,ATHM3S003,1910445,Athlete
med282,2,Silver Medal,ATHW5002,1910451,Athlete
med283,1,Gold Medal,ATHW1007,1910451,Athlete
med284,3,Bronze Medal,ATHW3S003,1910453,Athlete
med285,3,Bronze Medal,ATHMM003,1910555,Athlete
med286,1,Gold Medal,ATHW5001,1910560,Athlete
med287,1,Gold Medal,ATHW1004,1910560,Athlete
med288,2,Silver Medal,ATHW1H002,1911932,Athlete
med289,3,Bronze Medal,BOXM7002,1912009,Athlete
med290,1,Gold Medal,ATHMDT001,1912322,Athlete
med291,3,Bronze Medal,CTRMS003,1912515,Athlete
med292,3,Bronze Medal,CTRWK003,1912522,Athlete
med293,3,Bronze Medal,CTRWS003,1912522,Athlete
med294,2,Silver Medal,CYCWIT002,1912525,Athlete
med295,2,Silver Medal,CYFMP002,1912548,Athlete
med296,3,Bronze Medal,GOLWIS003,1913218,Athlete
med297,2,Silver Medal,BDMWS003,1913436,Athlete
med298,2,Silver Medal,SPCMS002,1913699,Athlete
med299,2,Silver Medal,SPCWS002,1913702,Athlete
med300,2,Silver Medal,CNSWCS002,1913770,Athlete
med301,3,Bronze Medal,CNSMKC003,1913780,Athlete
med302,1,Gold Medal,SHO2RF001,1913913,Athlete
med303,3,Bronze Medal,SHO2RF003,1913919,Athlete
med304,1,Gold Medal,SHO5R3001,1913922,Athlete
med305,2,Silver Medal,SHOTM002,1913928,Athlete
med306,3,Bronze Medal,SHO5R3006,1913972,Athlete
med307,3,Bronze Medal,TAEMG012,1914832,Athlete
med308,2,Silver Medal,SHOTW002,1915317,Athlete
med309,2,Silver Medal,ATHW4002,1915338,Athlete
med310,3,Bronze Medal,CTRMO003,1915370,Athlete
med311,2,Silver Medal,FENWSI002,1916222,Athlete
med312,1,Gold Medal,FENWSI001,1916223,Athlete
med313,1,Gold Medal,CYFMP001,1916809,Athlete
med314,2,Silver Medal,ATHMHT002,1916814,Athlete
med315,3,Bronze Medal,WLIM6003,1917153,Athlete
med316,1,Gold Medal,WLIW7001,1917154,Athlete
med317,1,Gold Medal,WLIM1001,1918369,Athlete
med318,1,Gold Medal,WLIM6001,1918372,Athlete
med319,1,Gold Medal,WLIW5001,1918376,Athlete
med320,1,Gold Medal,WLIW4001,1918377,Athlete
med321,1,Gold Medal,WLIW5201,1918379,Athlete
med322,3,Bronze Medal,TLGM003,1918789,Athlete
med323,2,Silver Medal,TLGM002,1918790,Athlete
med324,2,Silver Medal,GARMA002,1918864,Athlete
med325,3,Bronze Medal,GARMHB003,1918864,Athlete
med326,2,Silver Medal,GARMR002,1918865,Athlete
med327,1,Gold Medal,GARMPB001,1918865,Athlete
med328,1,Gold Medal,ATHW2R001,1919002,Athlete
med329,3,Bronze Medal,ATHWSP003,1919065,Athlete
med330,2,Silver Medal,ATHWDT002,1919067,Athlete
med331,3,Bronze Medal,ATHWHT003,1919077,Athlete
med332,1,Gold Medal,GARMA001,1919480,Athlete
med333,1,Gold Medal,GARMHB001,1919480,Athlete
med334,3,Bronze Medal,GARMPB003,1919480,Athlete
med335,1,Gold Medal,ATHWJT001,1919914,Athlete
med336,2,Silver Medal,WREMG6002,1919973,Athlete
med337,3,Bronze Medal,WREMG1004,1919983,Athlete
med338,3,Bronze Medal,WREWF5004,1920000,Athlete
med339,3,Bronze Medal,WREWF5008,1920006,Athlete
med340,3,Bronze Medal,WREWF5012,1920010,Athlete
med341,2,Silver Medal,ATHWLJ002,1920175,Athlete
med342,2,Silver Medal,ATHMD002,1920180,Athlete
med343,1,Gold Medal,ATHWSP001,1920183,Athlete
med344,1,Gold Medal,CYFWP001,1920569,Athlete
med345,3,Bronze Medal,ATHWDT003,1922205,Athlete
med346,2,Silver Medal,ATHMDT002,1922593,Athlete
med347,2,Silver Medal,GOLMIS002,1923629,Athlete
med348,3,Bronze Medal,GRYIA003,1923694,Athlete
med349,2,Silver Medal,FENMFI002,1924289,Athlete
med350,1,Gold Medal,ATHW8001,1924429,Athlete
med351,2,Silver Medal,ATHM4002,1924430,Athlete
med352,2,Silver Medal,ATHM1008,1924440,Athlete
med353,2,Silver Medal,BREB002,1924559,Athlete
med354,3,Bronze Medal,FENMSI003,1924595,Athlete
med355,3,Bronze Medal,SWMW2F003,1925125,Athlete
med356,3,Bronze Medal,SWMW1F003,1925125,Athlete
med357,3,Bronze Medal,SWMM8F003,1925630,Athlete
med358,2,Silver Medal,SWMM1F005,1925630,Athlete
med359,1,Gold Medal,SWMM1B001,1925633,Athlete
med360,1,Gold Medal,SWMM1B004,1925635,Athlete
med361,1,Gold Medal,ATHW3S001,1926102,Athlete
med362,2,Silver Medal,BDMMS002,1926294,Athlete
med363,2,Silver Medal,TRIMI002,1926549,Athlete
med364,2,Silver Medal,ATHWSP002,1926695,Athlete
med365,1,Gold Medal,ATHMHJ001,1926713,Athlete
med366,1,Gold Medal,BOXW7003,1926826,Athlete
med367,2,Silver Medal,BOXW6008,1926827,Athlete
med368,2,Silver Medal,BOXW6004,1926828,Athlete
med369,1,Gold Medal,BOXW5007,1926832,Athlete
med370,1,Gold Medal,BOXW5009,1926833,Athlete
med371,2,Silver Medal,ROWWSS002,1927027,Athlete
med372,1,Gold Medal,FENMSI001,1927149,Athlete
med373,1,Gold Medal,SALMW001,1927680,Athlete
med374,1,Gold Medal,TENWS002,1927709,Athlete
med375,2,Silver Medal,SALWW002,1927733,Athlete
med376,3,Bronze Medal,ATHW8003,1928047,Athlete
med377,3,Bronze Medal,TAEMO011,1929685,Athlete
med378,1,Gold Medal,ATHM2R001,1929767,Athlete
med379,3,Bronze Medal,TAEWS011,1930773,Athlete
med380,3,Bronze Medal,TTEWS003,1931100,Athlete
med381,3,Bronze Medal,BOXW5003,1931331,Athlete
med382,3,Bronze Medal,WREMF5003,1931496,Athlete
med383,3,Bronze Medal,TENWS001,1931815,Athlete
med384,1,Gold Medal,MDPMI001,1932649,Athlete
med385,2,Silver Medal,BOXM8004,1932824,Athlete
med386,3,Bronze Medal,ATHWM003,1932851,Athlete
med387,2,Silver Medal,CTRMO002,1933816,Athlete
med388,2,Silver Medal,BOXMW004,1934775,Athlete
med389,3,Bronze Medal,BOXM9001,1934790,Athlete
med390,2,Silver Medal,WREMG1002,1935199,Athlete
med391,3,Bronze Medal,SWMW1B009,1935873,Athlete
med392,1,Gold Medal,SWMW2B001,1935895,Athlete
med393,2,Silver Medal,SWMW2I002,1935895,Athlete
med394,2,Silver Medal,SWMM1B003,1935901,Athlete
med395,2,Silver Medal,SWMM8F002,1935902,Athlete
med396,1,Gold Medal,SWMM1F004,1935902,Athlete
med397,3,Bronze Medal,SWMM4I003,1935903,Athlete
med398,3,Bronze Medal,SWMM2F003,1935918,Athlete
med399,1,Gold Medal,SWMW1B001,1935923,Athlete
med400,2,Silver Medal,SWMW1F002,1935923,Athlete
med401,3,Bronze Medal,SWMW4F003,1935938,Athlete
med402,1,Gold Medal,SWMW1F004,1935938,Athlete
med403,1,Gold Medal,SWMW8F001,1935938,Athlete
med404,3,Bronze Medal,SWMW8F003,1935943,Athlete
med405,3,Bronze Medal,SWMM1B006,1935957,Athlete
med406,2,Silver Medal,SWMW1B008,1935984,Athlete
med407,2,Silver Medal,SWMW2B005,1935984,Athlete
med408,2,Silver Medal,SWMW2B008,1935984,Athlete
med409,2,Silver Medal,SWMW1B002,1935998,Athlete
med410,3,Bronze Medal,SWMW4I003,1936001,Athlete
med411,1,Gold Medal,MDPWI001,1936619,Athlete
med412,1,Gold Medal,ATHM2001,1936983,Athlete
med413,1,Gold Medal,TLGM001,1937347,Athlete
med414,3,Bronze Medal,ATHM4003,1937531,Athlete
med415,2,Silver Medal,FENMSI002,1937783,Athlete
med416,1,Gold Medal,SHOSW001,1937878,Athlete
med417,2,Silver Medal,TLGW002,1938437,Athlete
med418,2,Silver Medal,ATHMTJ002,1938792,Athlete
med419,2,Silver Medal,ATHMLJ002,1938899,Athlete
med420,1,Gold Medal,GOLWIS001,1939553,Athlete
med421,1,Gold Medal,WREMG7001,1939692,Athlete
med422,1,Gold Medal,WREMF6001,1939700,Athlete
med423,1,Gold Medal,WREWF7001,1939701,Athlete
med424,1,Gold Medal,WREWF6005,1939702,Athlete
med425,2,Silver Medal,WREMF7002,1939708,Athlete
med426,3,Bronze Medal,WREWF6004,1939709,Athlete
med427,1,Gold Medal,WREWF5009,1939710,Athlete
med428,1,Gold Medal,WREWF5005,1939711,Athlete
med429,3,Bronze Medal,WREWF5003,1939712,Athlete
med430,1,Gold Medal,WREMG6001,1939713,Athlete
med431,1,Gold Medal,WREMF5001,1939714,Athlete
med432,3,Bronze Medal,ATHWHJ004,1939763,Athlete
med433,3,Bronze Medal,ATHW2R003,1939791,Athlete
med434,2,Silver Medal,ATHW1008,1939795,Athlete
med435,3,Bronze Medal,ATHMDT003,1939824,Athlete
med436,2,Silver Medal,ATHWHJ002,1939838,Athlete
med437,1,Gold Medal,ATHWPV001,1939839,Athlete
med438,3,Bronze Medal,CYFWP003,1940118,Athlete
med439,1,Gold Medal,CYBW001,1940127,Athlete
med440,3,Bronze Medal,BOXW7001,1940134,Athlete
med441,3,Bronze Medal,BOXM5005,1940136,Athlete
med442,1,Gold Medal,CYCWIT001,1940173,Athlete
med443,1,Gold Medal,CNSWKS001,1940205,Athlete
med444,1,Gold Medal,CNSWCS001,1940205,Athlete
med445,1,Gold Medal,CNSWKC001,1940209,Athlete
med446,3,Bronze Medal,CTRMK003,1940262,Athlete
med447,2,Silver Medal,CTRMS002,1940263,Athlete
med448,2,Silver Medal,CTRMK002,1940263,Athlete
med449,3,Bronze Medal,WLIW7003,1940300,Athlete
med450,3,Bronze Medal,WLIW8003,1940308,Athlete
med451,1,Gold Medal,SPCMS001,1940329,Athlete
med452,2,Silver Medal,DIVW3S002,1940414,Athlete
med453,1,Gold Medal,WLIM7001,1941786,Athlete
med454,3,Bronze Medal,ROWWSS003,1941956,Athlete
med455,2,Silver Medal,CNSWKS002,1942126,Athlete
med456,2,Silver Medal,ATHMM002,1942753,Athlete
med457,1,Gold Medal,SURW001,1943206,Athlete
med458,3,Bronze Medal,BOXM8001,1943368,Athlete
med459,3,Bronze Medal,JUDWZK024,1943504,Athlete
med460,3,Bronze Medal,CYMMC003,1943604,Athlete
med461,2,Silver Medal,SKBMS002,1944226,Athlete
med462,3,Bronze Medal,SKBMS003,1944232,Athlete
med463,2,Silver Medal,SKBMP002,1944247,Athlete
med464,3,Bronze Medal,SALMD003,1944316,Athlete
med465,1,Gold Medal,CTRWK001,1945040,Athlete
med466,1,Gold Medal,CTRWS001,1945040,Athlete
med467,3,Bronze Medal,CTRWO003,1945080,Athlete
med468,3,Bronze Medal,SWMW1B003,1945125,Athlete
med469,3,Bronze Medal,SWMW2B006,1945125,Athlete
med470,3,Bronze Medal,SWMW5F003,1945125,Athlete
med471,2,Silver Medal,SWMM1B005,1945132,Athlete
med472,1,Gold Medal,SWMM1F001,1945148,Athlete
med473,3,Bronze Medal,SWMM2I003,1945186,Athlete
med474,2,Silver Medal,SWMW1B005,1945200,Athlete
med475,1,Gold Medal,CSPWKS001,1945383,Athlete
med476,1,Gold Medal,CNSMKC001,1945386,Athlete
med477,2,Silver Medal,SALMW002,1945982,Athlete
med478,1,Gold Medal,SALMD001,1945990,Athlete
med479,1,Gold Medal,SKBWP001,1946064,Athlete
med480,1,Gold Medal,SKBMP001,1946074,Athlete
med481,2,Silver Medal,SURM002,1946129,Athlete
med482,1,Gold Medal,SWMW4F001,1946150,Athlete
med483,2,Silver Medal,SWMW2F002,1946150,Athlete
med484,2,Silver Medal,SWMW8F002,1946150,Athlete
med485,1,Gold Medal,SWMM5F001,1946161,Athlete
med486,2,Silver Medal,SWMM4F002,1946172,Athlete
med487,2,Silver Medal,SWMM2B002,1946185,Athlete
med488,1,Gold Medal,SWMW1B007,1946198,Athlete
med489,1,Gold Medal,SWMW2B007,1946198,Athlete
med490,3,Bronze Medal,SWMW2I003,1946198,Athlete
med491,2,Silver Medal,SWMM1F002,1946200,Athlete
med492,2,Silver Medal,SWMW5F002,1946212,Athlete
med493,1,Gold Medal,SWMW2F001,1946218,Athlete
med494,2,Silver Medal,TAEMN002,1946883,Athlete
med495,3,Bronze Medal,WREMF1004,1947172,Athlete
med496,3,Bronze Medal,TAEM3004,1947736,Athlete
med497,1,Gold Medal,TAEM6009,1947737,Athlete
med498,2,Silver Medal,SPCWBI002,1950307,Athlete
med499,3,Bronze Medal,SPCMS003,1950309,Athlete
med500,3,Bronze Medal,FENMFI003,1950602,Athlete
med501,1,Gold Medal,FENWFI001,1950611,Athlete
med502,2,Silver Medal,FENWFI002,1950643,Athlete
med503,1,Gold Medal,GOLMIS001,1951724,Athlete
med504,3,Bronze Medal,ATHM4H003,1951913,Athlete
med505,2,Silver Medal,ATHM2R002,1951928,Athlete
med506,3,Bronze Medal,BOXW6002,1952540,Athlete
med507,2,Silver Medal,CSPMCS002,1952595,Athlete
med508,1,Gold Medal,BREB001,1953038,Athlete
med509,2,Silver Medal,GARWA002,1953634,Athlete
med510,2,Silver Medal,GARWV002,1953634,Athlete
med511,1,Gold Medal,GARWFE001,1953634,Athlete
med512,3,Bronze Medal,CNSMKS003,1953935,Athlete
med513,2,Silver Medal,SWMM2B008,1954557,Athlete
med514,2,Silver Medal,CYMWC002,1955070,Athlete
med515,2,Silver Medal,CYFWP002,1955071,Athlete
med516,1,Gold Medal,CTRWO001,1955106,Athlete
med517,2,Silver Medal,CSPWCS002,1955126,Athlete
med518,3,Bronze Medal,CNSWCS003,1955132,Athlete
med519,3,Bronze Medal,WREMF8003,1955300,Athlete
med520,1,Gold Medal,WREWF6001,1955304,Athlete
med521,2,Silver Medal,WREWF7002,1955344,Athlete
med522,3,Bronze Medal,WREMF7003,1955345,Athlete
med523,1,Gold Medal,WREWF5001,1955373,Athlete
med524,2,Silver Medal,WREMF5002,1955415,Athlete
med525,3,Bronze Medal,WREWF5011,1955426,Athlete
med526,3,Bronze Medal,BREB006,1955590,Athlete
med527,2,Silver Medal,ARCMI002,1955595,Athlete
med528,3,Bronze Medal,BOXM7001,1955645,Athlete
med529,3,Bronze Medal,SKBMP003,1955669,Athlete
med530,3,Bronze Medal,SKBWS003,1955689,Athlete
med531,3,Bronze Medal,SURM003,1955778,Athlete
med532,2,Silver Medal,SURW002,1955783,Athlete
med533,3,Bronze Medal,TAEMX008,1955815,Athlete
med534,2,Silver Medal,TAEW7010,1956372,Athlete
med535,1,Gold Medal,TENMS002,1956398,Athlete
med536,2,Silver Medal,SWMM1B002,1956469,Athlete
med537,3,Bronze Medal,ATHW1009,1956840,Athlete
med538,2,Silver Medal,WREMG7002,1958652,Athlete
med539,1,Gold Medal,BREB004,1958888,Athlete
med540,1,Gold Medal,SHOTW001,1958899,Athlete
med541,3,Bronze Medal,SHOTM003,1958970,Athlete
med542,1,Gold Medal,GARWA001,1959861,Athlete
med543,1,Gold Medal,GARWV001,1959861,Athlete
med544,2,Silver Medal,GARWFE002,1959861,Athlete
med545,3,Bronze Medal,GARWA003,1959866,Athlete
med546,3,Bronze Medal,GARWUB003,1959866,Athlete
med547,1,Gold Medal,ATHW1H001,1960169,Athlete
med548,1,Gold Medal,ATHM1004,1960173,Athlete
med549,3,Bronze Medal,ATHM2003,1960173,Athlete
med550,1,Gold Medal,ATHM4001,1960177,Athlete
med551,2,Silver Medal,ATHMPV002,1960178,Athlete
med552,2,Silver Medal,ATHW1002,1960181,Athlete
med553,2,Silver Medal,WREWF5006,1960228,Athlete
med554,2,Silver Medal,ATHW4H002,1960581,Athlete
med555,3,Bronze Medal,ATHW2003,1960588,Athlete
med556,2,Silver Medal,ATHM2002,1960659,Athlete
med557,1,Gold Medal,ATHM4H001,1960684,Athlete
med558,1,Gold Medal,ATHMSP001,1960688,Athlete
med559,1,Gold Medal,ATHWLJ001,1960711,Athlete
med560,1,Gold Medal,ATHWDT001,1960721,Athlete
med561,2,Silver Medal,ATHWHT002,1960899,Athlete
med562,1,Gold Medal,ATHM1007,1960933,Athlete
med563,3,Bronze Medal,ATHM1006,1960958,Athlete
med564,3,Bronze Medal,ATHM1003,1960959,Athlete
med565,3,Bronze Medal,ATHM5003,1960959,Athlete
med566,1,Gold Medal,ATHM1H001,1960961,Athlete
med567,3,Bronze Medal,ATHW1003,1961011,Athlete
med568,3,Bronze Medal,CNSMCS003,1961080,Athlete
med569,3,Bronze Medal,ATHMPV003,1961218,Athlete
med570,1,Gold Medal,ATHMLJ001,1961246,Athlete
med571,3,Bronze Medal,JUDM7K020,1961318,Athlete
med572,3,Bronze Medal,GOLMIS003,1961406,Athlete
med573,1,Gold Medal,SWMW1B004,1962589,Athlete
med574,2,Silver Medal,SWMW2B002,1962589,Athlete
med575,2,Silver Medal,ATHM5002,1963077,Athlete
med576,1,Gold Medal,FENMFI001,1963245,Athlete
med577,3,Bronze Medal,ATHM8003,1963520,Athlete
med578,2,Silver Medal,SWMM4I002,1963635,Athlete
med579,3,Bronze Medal,WREMF8004,1963800,Athlete
med580,1,Gold Medal,CSPWCS001,1964547,Athlete
med581,2,Silver Medal,ATHM1H002,1965223,Athlete
med582,2,Silver Medal,ATHMSP002,1965246,Athlete
med583,3,Bronze Medal,ATHWTJ003,1965250,Athlete
med584,3,Bronze Medal,ATHWLJ003,1965250,Athlete
med585,2,Silver Medal,ATHWPV002,1965268,Athlete
med586,2,Silver Medal,ATHMHJ002,1965306,Athlete
med587,1,Gold Medal,ATHW4H001,1965308,Athlete
med588,3,Bronze Medal,ATHM1009,1965327,Athlete
med589,1,Gold Medal,ROWWSS001,1965558,Athlete
med590,3,Bronze Medal,ROWMSS003,1965599,Athlete
med591,2,Silver Medal,BOXW7004,1965679,Athlete
med592,2,Silver Medal,WLIW5002,1965815,Athlete
med593,1,Gold Medal,ATHW2001,1965868,Athlete
med594,2,Silver Medal,ATHM3S002,1965896,Athlete
med595,3,Bronze Medal,TAEWF007,1966505,Athlete
med596,3,Bronze Medal,SWMM2B006,1967058,Athlete
med597,3,Bronze Medal,SWMM1B009,1967058,Athlete
med598,2,Silver Medal,SWMM1B008,1967069,Athlete
med599,3,Bronze Medal,SWMW2B009,1967104,Athlete
med600,2,Silver Medal,SWMW4F002,1967140,Athlete
med601,1,Gold Medal,SWMW4I001,1967140,Athlete
med602,1,Gold Medal,SWMW2B004,1967140,Athlete
med603,1,Gold Medal,SWMW2I001,1967140,Athlete
med604,3,Bronze Medal,SHOTW003,1967454,Athlete
med605,2,Silver Medal,CYCWRR002,1969165,Athlete
med606,2,Silver Medal,CTRWK002,1969180,Athlete
med607,2,Silver Medal,CYBW002,1969181,Athlete
med608,1,Gold Medal,CTRMS001,1969182,Athlete
med609,1,Gold Medal,CTRMK001,1969182,Athlete
med610,1,Gold Medal,SALWD001,1970500,Athlete
med611,3,Bronze Medal,SALMW003,1970505,Athlete
med612,3,Bronze Medal,SALWK003,1970517,Athlete
med613,2,Silver Medal,ATHW3S002,1971686,Athlete
med614,3,Bronze Medal,ATHW4H003,1972078,Athlete
med615,3,Bronze Medal,ATHW5003,1972105,Athlete
med616,3,Bronze Medal,ATHW1006,1972105,Athlete
med617,1,Gold Medal,ATHWM001,1972105,Athlete
med618,3,Bronze Medal,BOXM6001,1972293,Athlete
med619,1,Gold Medal,JUDM7K009,1972337,Athlete
med620,2,Silver Medal,BOXM9004,1972343,Athlete
med621,1,Gold Medal,JUDMNK021,1972367,Athlete
med622,1,Gold Medal,MTSW1001,1972515,Athlete
med623,3,Bronze Medal,SWMW2B003,1972525,Athlete
med624,3,Bronze Medal,SWMM2B003,1972545,Athlete
med625,3,Bronze Medal,TLGW003,1973102,Athlete
med626,3,Bronze Medal,FENWFI003,1973213,Athlete
med627,2,Silver Medal,ATHM8002,1974048,Athlete
med628,1,Gold Medal,ATHMHT001,1974151,Athlete
med629,3,Bronze Medal,ATHWPV003,1974216,Athlete
med630,1,Gold Medal,ATHWHT001,1974290,Athlete
med631,1,Gold Medal,GARMFE001,1975874,Athlete
med632,1,Gold Medal,GARMV001,1975874,Athlete
med633,3,Bronze Medal,CYBW003,1976480,Athlete
med634,2,Silver Medal,TRIWI002,1976489,Athlete
med635,3,Bronze Medal,SHO1AR009,1976545,Athlete
med636,2,Silver Medal,SHOSW002,1977402,Athlete
med637,1,Gold Medal,SHO5R3004,1977709,Athlete
med638,3,Bronze Medal,SWMM2B009,1977754,Athlete
med639,2,Silver Medal,ATHWH002,1977926,Athlete
med640,3,Bronze Medal,BOXW5004,1979870,Athlete
med641,3,Bronze Medal,BOXW5006,1979904,Athlete
med642,3,Bronze Medal,DIVW1P003,1980115,Athlete
med643,3,Bronze Medal,BOXW5001,1980125,Athlete
med644,3,Bronze Medal,WREWF5007,1980149,Athlete
med645,3,Bronze Medal,WREMG6004,1980153,Athlete
med646,2,Silver Medal,ATHM1005,1980161,Athlete
med647,1,Gold Medal,JUDWAK013,1980833,Athlete
med648,2,Silver Medal,ATHWJT002,1981085,Athlete
med649,1,Gold Medal,SPCWBX001,1981131,Athlete
med650,2,Silver Medal,SALMK002,1981549,Athlete
med651,3,Bronze Medal,WREMG6007,1981760,Athlete
med652,3,Bronze Medal,WREMF9003,1981785,Athlete
med653,3,Bronze Medal,TAEW0008,2493835,Athlete
med654,3,Bronze Medal,WREMF7004,3429662,Athlete
med655,3,Bronze Medal,SWMM4F003,4654306,Athlete
med656,2,Silver Medal,ARCMT002,ARCMTEAM3---FRA01,Team
med657,1,Gold Medal,ARCMT001,ARCMTEAM3---KOR01,Team
med658,3,Bronze Medal,ARCMT003,ARCMTEAM3---TUR01,Team
med659,2,Silver Medal,ARCWT002,ARCWTEAM3---CHN01,Team
med660,1,Gold Medal,ARCWT001,ARCWTEAM3---KOR01,Team
med661,3,Bronze Medal,ARCWT003,ARCWTEAM3---MEX01,Team
med662,2,Silver Medal,ARCMT005,ARCXTEAM2---GER01,Team
med663,1,Gold Medal,ARCMT004,ARCXTEAM2---KOR01,Team
med664,3,Bronze Medal,ARCMT006,ARCXTEAM2---USA01,Team
med665,1,Gold Medal,ATHM4X001,ATHM4X100M--CAN01,Team
med666,3,Bronze Medal,ATHM4X003,ATHM4X100M--GBR01,Team
med667,2,Silver Medal,ATHM4X002,ATHM4X100M--RSA01,Team
med668,2,Silver Medal,ATHM4X005,ATHM4X400M--BOT01,Team
med669,3,Bronze Medal,ATHM4X006,ATHM4X400M--GBR01,Team
med670,1,Gold Medal,ATHM4X004,ATHM4X400M--USA01,Team
med671,2,Silver Medal,ATHW4X002,ATHW4X100M--GBR01,Team
med672,3,Bronze Medal,ATHW4X003,ATHW4X100M--GER01,Team
med673,1,Gold Medal,ATHW4X001,ATHW4X100M--USA01,Team
med674,3,Bronze Medal,ATHW4X006,ATHW4X400M--GBR01,Team
med675,2,Silver Medal,ATHW4X005,ATHW4X400M--NED01,Team
med676,1,Gold Medal,ATHW4X004,ATHW4X400M--USA01,Team
med677,3,Bronze Medal,ATHMRW003,ATHX42KWALKTAUS01,Team
med678,2,Silver Medal,ATHMRW002,ATHX42KWALKTECU01,Team
med679,1,Gold Medal,ATHMRW001,ATHX42KWALKTESP02,Team
med680,3,Bronze Medal,ATH4X4003,ATHX4X400M--GBR01,Team
med681,1,Gold Medal,ATH4X4001,ATHX4X400M--NED01,Team
med682,2,Silver Medal,ATH4X4002,ATHX4X400M--USA01,Team
med683,2,Silver Medal,BDMMD005,BDMMDOUBLES-CHN02,Team
med684,3,Bronze Medal,BDMMD006,BDMMDOUBLES-MAS01,Team
med685,1,Gold Medal,BDMMD004,BDMMDOUBLES-TPE01,Team
med686,2,Silver Medal,BDMWD002,BDMWDOUBLES-CHN01,Team
med687,1,Gold Medal,BDMWD001,BDMWDOUBLES-CHN02,Team
med688,3,Bronze Medal,BDMWD003,BDMWDOUBLES-JPN01,Team
med689,1,Gold Medal,BDMMD001,BDMXDOUBLES-CHN02,Team
med690,3,Bronze Medal,BDMMD003,BDMXDOUBLES-JPN01,Team
med691,2,Silver Medal,BDMMD002,BDMXDOUBLES-KOR02,Team
med692,2,Silver Medal,BK3M002,BK3MTEAM3---FRA01,Team
med693,3,Bronze Medal,BK3M003,BK3MTEAM3---LTU01,Team
med694,1,Gold Medal,BK3M001,BK3MTEAM3---NED01,Team
med695,2,Silver Medal,BK3W002,BK3WTEAM3---ESP01,Team
med696,1,Gold Medal,BK3W001,BK3WTEAM3---GER01,Team
med697,3,Bronze Medal,BK3W003,BK3WTEAM3---USA01,Team
med698,2,Silver Medal,BKBM002,BKBMTEAM5---FRA01,Team
med699,3,Bronze Medal,BKBM003,BKBMTEAM5---SRB01,Team
med700,1,Gold Medal,BKBM001,BKBMTEAM5---USA01,Team
med701,3,Bronze Medal,BKBW003,BKBWTEAM5---AUS01,Team
med702,2,Silver Medal,BKBW002,BKBWTEAM5---FRA01,Team
med703,1,Gold Medal,BKBW001,BKBWTEAM5---USA01,Team
med704,1,Gold Medal,CSPMCD001,CSPMC2-500M-CHN01,Team
med705,3,Bronze Medal,CSPMCD003,CSPMC2-500M-ESP01,Team
med706,2,Silver Medal,CSPMCD002,CSPMC2-500M-ITA01,Team
med707,3,Bronze Medal,CSPMKD003,CSPMK2-500M-AUS01,Team
med708,1,Gold Medal,CSPMKD001,CSPMK2-500M-GER01,Team
med709,2,Silver Medal,CSPMKD002,CSPMK2-500M-HUN01,Team
med710,2,Silver Medal,CSPMKF002,CSPMK4-500M-AUS01,Team
med711,3,Bronze Medal,CSPMKF003,CSPMK4-500M-ESP01,Team
med712,1,Gold Medal,CSPMKF001,CSPMK4-500M-GER01,Team
med713,3,Bronze Medal,CSPWCD003,CSPWC2-500M-CAN01,Team
med714,1,Gold Medal,CSPWCD001,CSPWC2-500M-CHN01,Team
med715,2,Silver Medal,CSPWCD002,CSPWC2-500M-UKR01,Team
med716,3,Bronze Medal,CSPWKD003,CSPWK2-500M-GER01,Team
med717,2,Silver Medal,CSPWKD002,CSPWK2-500M-HUN01,Team
med718,3,Bronze Medal,CSPWKD004,CSPWK2-500M-HUN02,Team
med719,1,Gold Medal,CSPWKD001,CSPWK2-500M-NZL01,Team
med720,2,Silver Medal,CSPWKF002,CSPWK4-500M-GER01,Team
med721,3,Bronze Medal,CSPWKF003,CSPWK4-500M-HUN01,Team
med722,1,Gold Medal,CSPWKF001,CSPWK4-500M-NZL01,Team
med723,3,Bronze Medal,CTRMM003,CTRMMADISON-DEN01,Team
med724,2,Silver Medal,CTRMM002,CTRMMADISON-ITA01,Team
med725,1,Gold Medal,CTRMM001,CTRMMADISON-POR01,Team
med726,1,Gold Medal,CTRMTP001,CTRMPURTEAM4AUS01,Team
med727,2,Silver Medal,CTRMTP002,CTRMPURTEAM4GBR01,Team
med728,3,Bronze Medal,CTRMTP003,CTRMPURTEAM4ITA01,Team
med729,3,Bronze Medal,CTRMTS003,CTRMSPRTEAM3AUS01,Team
med730,2,Silver Medal,CTRMTS002,CTRMSPRTEAM3GBR01,Team
med731,1,Gold Medal,CTRMTS001,CTRMSPRTEAM3NED01,Team
med732,2,Silver Medal,CTRWM002,CTRWMADISON-GBR01,Team
med733,1,Gold Medal,CTRWM001,CTRWMADISON-ITA01,Team
med734,3,Bronze Medal,CTRWM003,CTRWMADISON-NED01,Team
med735,3,Bronze Medal,CTRWTP003,CTRWPURTEAM4GBR01,Team
med736,2,Silver Medal,CTRWTP002,CTRWPURTEAM4NZL01,Team
med737,1,Gold Medal,CTRWTP001,CTRWPURTEAM4USA01,Team
med738,1,Gold Medal,CTRWTS001,CTRWSPRTEAM3GBR01,Team
med739,3,Bronze Medal,CTRWTS003,CTRWSPRTEAM3GER01,Team
med740,2,Silver Medal,CTRWTS002,CTRWSPRTEAM3NZL01,Team
med741,3,Bronze Medal,DIVMS1003,DIVM10MTEAM2CAN01,Team
med742,1,Gold Medal,DIVMS1001,DIVM10MTEAM2CHN01,Team
med743,2,Silver Medal,DIVMS1002,DIVM10MTEAM2GBR01,Team
med744,1,Gold Medal,DIVMS3001,DIVM3MTEAM2-CHN01,Team
med745,3,Bronze Medal,DIVMS3003,DIVM3MTEAM2-GBR01,Team
med746,2,Silver Medal,DIVMS3002,DIVM3MTEAM2-MEX01,Team
med747,1,Gold Medal,DIVWS1001,DIVW10MTEAM2CHN01,Team
med748,3,Bronze Medal,DIVWS1003,DIVW10MTEAM2GBR01,Team
med749,1,Gold Medal,DIVWS3001,DIVW3MTEAM2-CHN01,Team
med750,3,Bronze Medal,DIVWS3003,DIVW3MTEAM2-GBR01,Team
med751,2,Silver Medal,DIVWS3002,DIVW3MTEAM2-USA01,Team
med752,2,Silver Medal,EQUDT002,EQUODRESTEAMDEN01,Team
med753,3,Bronze Medal,EQUDT003,EQUODRESTEAMGBR01,Team
med754,1,Gold Medal,EQUDT001,EQUODRESTEAMGER01,Team
med755,2,Silver Medal,EQUET002,EQUOEVENTEAMFRA01,Team
med756,1,Gold Medal,EQUET001,EQUOEVENTEAMGBR01,Team
med757,3,Bronze Medal,EQUET003,EQUOEVENTEAMJPN01,Team
med758,3,Bronze Medal,EQUJT003,EQUOJUMPTEAMFRA01,Team
med759,1,Gold Medal,EQUJT001,EQUOJUMPTEAMGBR01,Team
med760,2,Silver Medal,EQUJT002,EQUOJUMPTEAMUSA01,Team
med761,1,Gold Medal,FBLM002,FBLMTEAM11--ESP01,Team
med762,2,Silver Medal,FBLM003,FBLMTEAM11--FRA01,Team
med763,3,Bronze Medal,FBLM001,FBLMTEAM11--MAR01,Team
med764,2,Silver Medal,FBLW003,FBLWTEAM11--BRA01,Team
med765,3,Bronze Medal,FBLW001,FBLWTEAM11--GER01,Team
med766,1,Gold Medal,FBLW002,FBLWTEAM11--USA01,Team
med767,3,Bronze Medal,FENMHT003,FENMTEAMEPEECZE01,Team
med768,1,Gold Medal,FENM8T001,FENMTEAMEPEEHUN01,Team
med769,2,Silver Medal,FENMST002,FENMTEAMEPEEJPN01,Team
med770,3,Bronze Medal,FENMFT003,FENMTEAMFOILFRA01,Team
med771,2,Silver Medal,FENMFT002,FENMTEAMFOILITA01,Team
med772,1,Gold Medal,FENMFT001,FENMTEAMFOILJPN01,Team
med773,3,Bronze Medal,FENMST003,FENMTEAMSABRFRA01,Team
med774,2,Silver Medal,FENNST002,FENMTEAMSABRHUN01,Team
med775,1,Gold Medal,FENMST001,FENMTEAMSABRKOR01,Team
med776,2,Silver Medal,FENWFT002,FENWTEAMFOILITA01,Team
med777,3,Bronze Medal,FENWFT003,FENWTEAMFOILJPN01,Team
med778,1,Gold Medal,FENWFT001,FENWTEAMFOILUSA01,Team
med779,3,Bronze Medal,FENWST003,FENWTEAMSABRJPN01,Team
med780,2,Silver Medal,FENWST002,FENWTEAMSABRKOR01,Team
med781,1,Gold Medal,FENWST001,FENWTEAMSABRUKR01,Team
med782,2,Silver Medal,GARMT002,GARMTEAM----CHN01,Team
med783,1,Gold Medal,GARMT001,GARMTEAM----JPN01,Team
med784,3,Bronze Medal,GARMT003,GARMTEAM----USA01,Team
med785,3,Bronze Medal,GARWT003,GARWTEAM----BRA01,Team
med786,2,Silver Medal,GARWT002,GARWTEAM----ITA01,Team
med787,1,Gold Medal,GARWT001,GARWTEAM----USA01,Team
med788,1,Gold Medal,GRYGA001,GRYW5AA-----CHN01,Team
med789,2,Silver Medal,GRYGA002,GRYW5AA-----ISR01,Team
med790,3,Bronze Medal,GRYGA003,GRYW5AA-----ITA01,Team
med791,1,Gold Medal,HBLM001,HBLMTEAM7---DEN01,Team
med792,3,Bronze Medal,HBLM003,HBLMTEAM7---ESP01,Team
med793,2,Silver Medal,HBLM002,HBLMTEAM7---GER01,Team
med794,3,Bronze Medal,HBLW003,HBLWTEAM7---DEN01,Team
med795,2,Silver Medal,HBLW002,HBLWTEAM7---FRA01,Team
med796,1,Gold Medal,HBLW001,HBLWTEAM7---NOR01,Team
med797,2,Silver Medal,HOCM002,HOCMTEAM11--GER01,Team
med798,3,Bronze Medal,HOCM003,HOCMTEAM11--IND01,Team
med799,1,Gold Medal,HOCM001,HOCMTEAM11--NED01,Team
med800,3,Bronze Medal,HOCW003,HOCWTEAM11--ARG01,Team
med801,2,Silver Medal,HOCW002,HOCWTEAM11--CHN01,Team
med802,1,Gold Medal,HOCW001,HOCWTEAM11--NED01,Team
med803,3,Bronze Medal,JUDMT003,JUDXTEAM6---BRA01,Team
med804,1,Gold Medal,JUDMT001,JUDXTEAM6---FRA01,Team
med805,2,Silver Medal,JUDMT002,JUDXTEAM6---JPN01,Team
med806,3,Bronze Medal,JUDMT004,JUDXTEAM6---KOR01,Team
med807,1,Gold Medal,ROWME001,ROWMCOXED8--GBR01,Team
med808,2,Silver Medal,ROWME002,ROWMCOXED8--NED01,Team
med809,3,Bronze Medal,ROWME003,ROWMCOXED8--USA01,Team
med810,1,Gold Medal,ROWMP001,ROWMNOCOX2--CRO01,Team
med811,2,Silver Medal,ROWMP002,ROWMNOCOX2--GBR01,Team
med812,3,Bronze Medal,ROWMF003,ROWMNOCOX4--GBR01,Team
med813,2,Silver Medal,ROWMF002,ROWMNOCOX4--NZL01,Team
med814,1,Gold Medal,ROWMF001,ROWMNOCOX4--USA01,Team
med815,3,Bronze Medal,ROWMDS003,ROWMSCULL2--IRL01,Team
med816,3,Bronze Medal,ROWLMD003,ROWMSCULL2-LGRE01,Team
med817,1,Gold Medal,ROWLMD001,ROWMSCULL2-LIRL01,Team
med818,2,Silver Medal,ROWLMD002,ROWMSCULL2-LITA01,Team
med819,2,Silver Medal,ROWMDS002,ROWMSCULL2--NED01,Team
med820,1,Gold Medal,ROWMDS001,ROWMSCULL2--ROU01,Team
med821,2,Silver Medal,ROWMQS002,ROWMSCULL4--ITA01,Team
med822,1,Gold Medal,ROWMQS001,ROWMSCULL4--NED01,Team
med823,3,Bronze Medal,ROWMQS003,ROWMSCULL4--POL01,Team
med824,2,Silver Medal,ROWWE002,ROWWCOXED8--CAN01,Team
med825,3,Bronze Medal,ROWWE003,ROWWCOXED8--GBR01,Team
med826,1,Gold Medal,ROWWE001,ROWWCOXED8--ROU01,Team
med827,3,Bronze Medal,ROWWP003,ROWWNOCOX2--AUS01,Team
med828,1,Gold Medal,ROWWP001,ROWWNOCOX2--NED01,Team
med829,2,Silver Medal,ROWWP002,ROWWNOCOX2--ROU01,Team
med830,2,Silver Medal,ROWWF002,ROWWNOCOX4--GBR01,Team
med831,1,Gold Medal,ROWWF001,ROWWNOCOX4--NED01,Team
med832,3,Bronze Medal,ROWWF003,ROWWNOCOX4--NZL01,Team
med833,3,Bronze Medal,ROWWDS003,ROWWSCULL2--GBR01,Team
med834,1,Gold Medal,ROWLWD001,ROWWSCULL2-LGBR01,Team
med835,3,Bronze Medal,ROWLWD003,ROWWSCULL2-LGRE01,Team
med836,2,Silver Medal,ROWLWD002,ROWWSCULL2-LROU01,Team
med837,1,Gold Medal,ROWWDS001,ROWWSCULL2--NZL01,Team
med838,2,Silver Medal,ROWWDS002,ROWWSCULL2--ROU01,Team
med839,1,Gold Medal,ROWWQS001,ROWWSCULL4--GBR01,Team
med840,3,Bronze Medal,ROWWQS003,ROWWSCULL4--GER01,Team
med841,2,Silver Medal,ROWWQS002,ROWWSCULL4--NED01,Team
med842,2,Silver Medal,RU7M002,RU7MTEAM7---FIJ01,Team
med843,1,Gold Medal,RU7M001,RU7MTEAM7---FRA01,Team
med844,3,Bronze Medal,RU7M003,RU7MTEAM7---RSA01,Team
med845,2,Silver Medal,RU7W002,RU7WTEAM7---CAN01,Team
med846,1,Gold Medal,RU7W001,RU7WTEAM7---NZL01,Team
med847,3,Bronze Medal,RU7W003,RU7WTEAM7---USA01,Team
med848,1,Gold Medal,SALMS001,SALM49ER----ESP01,Team
med849,2,Silver Medal,SALMS002,SALM49ER----NZL01,Team
med850,3,Bronze Medal,SALMS003,SALM49ER----USA01,Team
med851,3,Bronze Medal,SALWS003,SALW49ERFX--FRA01,Team
med852,1,Gold Medal,SALWS001,SALW49ERFX--NED01,Team
med853,2,Silver Medal,SALWS002,SALW49ERFX--SWE01,Team
med854,1,Gold Medal,SALMD004,SALX470-----AUT01,Team
med855,2,Silver Medal,SALMD005,SALX470-----JPN01,Team
med856,3,Bronze Medal,SALMD006,SALX470-----SWE01,Team
med857,2,Silver Medal,SALMM002,SALXNACRA17-ARG01,Team
med858,1,Gold Medal,SALMM001,SALXNACRA17-ITA01,Team
med859,3,Bronze Medal,SALMM003,SALXNACRA17-NZL01,Team
med860,3,Bronze Medal,SHO1AP009,SHOXAPMT----IND01,Team
med861,1,Gold Medal,SHO1AP007,SHOXAPMT----SRB01,Team
med862,2,Silver Medal,SHO1AP008,SHOXAPMT----TUR02,Team
med863,1,Gold Medal,SHO1AR001,SHOXARMT----CHN01,Team
med864,3,Bronze Medal,SHO1AR003,SHOXARMT----KAZ01,Team
med865,2,Silver Medal,SHO1AR002,SHOXARMT----KOR01,Team
med866,3,Bronze Medal,SHOSMT003,SHOXSKMT----CHN01,Team
med867,1,Gold Medal,SHOSMT001,SHOXSKMT----ITA01,Team
med868,2,Silver Medal,SHOSMT002,SHOXSKMT----USA01,Team
med869,1,Gold Medal,SWAD001,SWAWTEAM2---CHN01,Team
med870,2,Silver Medal,SWAD002,SWAWTEAM2---GBR01,Team
med871,3,Bronze Medal,SWAD003,SWAWTEAM2---NED01,Team
med872,1,Gold Medal,SWAT001,SWAWTEAM8---CHN01,Team
med873,3,Bronze Medal,SWAT003,SWAWTEAM8---ESP01,Team
med874,2,Silver Medal,SWAT002,SWAWTEAM8---USA01,Team
med875,2,Silver Medal,SWMM4X002,SWMM4X100MFRAUS01,Team
med876,3,Bronze Medal,SWMM4X003,SWMM4X100MFRITA01,Team
med877,1,Gold Medal,SWMM4X001,SWMM4X100MFRUSA01,Team
med878,1,Gold Medal,SWMM4X010,SWMM4X100MMDCHN01,Team
med879,3,Bronze Medal,SWMM4X012,SWMM4X100MMDFRA01,Team
med880,2,Silver Medal,SWMM4X011,SWMM4X100MMDUSA01,Team
med881,3,Bronze Medal,SWMM4X006,SWMM4X200MFRAUS01,Team
med882,1,Gold Medal,SWMM4X004,SWMM4X200MFRGBR01,Team
med883,2,Silver Medal,SWMM4X005,SWMM4X200MFRUSA01,Team
med884,1,Gold Medal,SWMW4X001,SWMW4X100MFRAUS01,Team
med885,3,Bronze Medal,SWMW4X003,SWMW4X100MFRCHN01,Team
med886,2,Silver Medal,SWMW4X002,SWMW4X100MFRUSA01,Team
med887,2,Silver Medal,SWMW4X008,SWMW4X100MMDAUS01,Team
med888,3,Bronze Medal,SWMW4X009,SWMW4X100MMDCHN01,Team
med889,1,Gold Medal,SWMW4X007,SWMW4X100MMDUSA01,Team
med890,1,Gold Medal,SWMW4X004,SWMW4X200MFRAUS01,Team
med891,3,Bronze Medal,SWMW4X006,SWMW4X200MFRCHN01,Team
med892,2,Silver Medal,SWMW4X005,SWMW4X200MFRUSA01,Team
med893,3,Bronze Medal,SWMM4X009,SWMX4X100MMDAUS01,Team
med894,2,Silver Medal,SWMM4X008,SWMX4X100MMDCHN01,Team
med895,1,Gold Medal,SWMM4X007,SWMX4X100MMDUSA01,Team
med896,1,Gold Medal,TENMD004,TENMDOUBLES-AUS02,Team
med897,3,Bronze Medal,TENMD006,TENMDOUBLES-USA01,Team
med898,2,Silver Medal,TENMD005,TENMDOUBLES-USA02,Team
med899,2,Silver Medal,TENWD002,TENWDOUBLES-AIN02,Team
med900,3,Bronze Medal,TENWD003,TENWDOUBLES-ESP01,Team
med901,1,Gold Medal,TENWD001,TENWDOUBLES-ITA01,Team
med902,3,Bronze Medal,TENMD003,TENXDOUBLES-CAN01,Team
med903,2,Silver Medal,TENMD002,TENXDOUBLES-CHN01,Team
med904,1,Gold Medal,TENMD001,TENXDOUBLES-CZE01,Team
med905,3,Bronze Medal,TRIMR003,TRIXTEAM4---GBR01,Team
med906,1,Gold Medal,TRIMR001,TRIXTEAM4---GER01,Team
med907,2,Silver Medal,TRIMR002,TRIXTEAM4---USA01,Team
med908,1,Gold Medal,TTEMT001,TTEMTEAM----CHN01,Team
med909,3,Bronze Medal,TTEMT003,TTEMTEAM----FRA01,Team
med910,2,Silver Medal,TTEMT002,TTEMTEAM----SWE01,Team
med911,1,Gold Medal,TTEWT001,TTEWTEAM----CHN01,Team
med912,2,Silver Medal,TTEWT002,TTEWTEAM----JPN01,Team
med913,3,Bronze Medal,TTEWT003,TTEWTEAM----KOR01,Team
med914,1,Gold Medal,TTEMD001,TTEXDOUBLES-CHN01,Team
med915,3,Bronze Medal,TTEMD003,TTEXDOUBLES-KOR01,Team
med916,2,Silver Medal,VBVM002,VBVMTEAM2---GER01,Team
med917,3,Bronze Medal,VBVM003,VBVMTEAM2---NOR01,Team
med918,1,Gold Medal,VBVM001,VBVMTEAM2---SWE01,Team
med919,1,Gold Medal,VBVW001,VBVWTEAM2---BRA01,Team
med920,2,Silver Medal,VBVW002,VBVWTEAM2---CAN01,Team
med921,1,Gold Medal,VVOM002,VVOMTEAM6---FRA01,Team
med922,2,Silver Medal,VVOM003,VVOMTEAM6---POL01,Team
med923,3,Bronze Medal,VVOM001,VVOMTEAM6---USA01,Team
med924,3,Bronze Medal,VVOW001,VVOWTEAM6---BRA01,Team
med925,1,Gold Medal,VVOW002,VVOWTEAM6---ITA01,Team
med926,2,Silver Medal,VVOW003,VVOWTEAM6---USA01,Team
med927,2,Silver Medal,WPOM002,WPOMTEAM7---CRO01,Team
med928,1,Gold Medal,WPOM001,WPOMTEAM7---SRB01,Team
med929,3,Bronze Medal,WPOM003,WPOMTEAM7---USA01,Team
med930,2,Silver Medal,WPOW002,WPOWTEAM7---AUS01,Team
med931,1,Gold Medal,WPOW001,WPOWTEAM7---ESP01,Team
med932,3,Bronze Medal,WPOW003,WPOWTEAM7---NED01,Team
